datetime,Average Tone
2017-06-01 00:00:00+00:00,-2.0592
2017-06-02 00:00:00+00:00,-1.6262
2017-06-03 00:00:00+00:00,-3.4485
2017-06-04 00:00:00+00:00,-1.4081
2017-06-05 00:00:00+00:00,-6.0462
2017-06-06 00:00:00+00:00,-1.1271
2017-06-07 00:00:00+00:00,-0.3687
2017-06-08 00:00:00+00:00,-2.4529
2017-06-09 00:00:00+00:00,-1.1545
2017-06-10 00:00:00+00:00,-0.9926
2017-06-11 00:00:00+00:00,-0.3201
2017-06-12 00:00:00+00:00,-2.0163
2017-06-13 00:00:00+00:00,-1.2962
2017-06-14 00:00:00+00:00,-0.5902
2017-06-15 00:00:00+00:00,-1.4393
2017-06-16 00:00:00+00:00,-1.6894
2017-06-17 00:00:00+00:00,-0.843
2017-06-18 00:00:00+00:00,-0.2593
2017-06-19 00:00:00+00:00,-1.089
2017-06-20 00:00:00+00:00,-2.2294
2017-06-21 00:00:00+00:00,-2.8693
2017-06-22 00:00:00+00:00,-2.2563
2017-06-23 00:00:00+00:00,-2.2945
2017-06-24 00:00:00+00:00,-0.8311
2017-06-25 00:00:00+00:00,-0.8444
2017-06-26 00:00:00+00:00,-1.3348
2017-06-27 00:00:00+00:00,-4.4338
2017-06-28 00:00:00+00:00,-4.6553
2017-06-29 00:00:00+00:00,-2.1617
2017-06-30 00:00:00+00:00,-2.7897
2017-04-01 00:00:00+00:00,-2.2834
2017-04-02 00:00:00+00:00,-2.0811
2017-04-03 00:00:00+00:00,-2.567
2017-04-04 00:00:00+00:00,-1.6747
2017-04-05 00:00:00+00:00,-1.2963
2017-04-06 00:00:00+00:00,-1.3847
2017-04-07 00:00:00+00:00,-1.5671
2017-04-08 00:00:00+00:00,-1.7912
2017-04-09 00:00:00+00:00,-2.3828
2017-04-10 00:00:00+00:00,-0.9887
2017-04-11 00:00:00+00:00,-1.9202
2017-04-12 00:00:00+00:00,-1.7365
2017-04-13 00:00:00+00:00,-2.9348
2017-04-14 00:00:00+00:00,-2.0388
2017-04-15 00:00:00+00:00,-1.4456
2017-04-16 00:00:00+00:00,-1.4714
2017-04-17 00:00:00+00:00,-1.2177
2017-04-18 00:00:00+00:00,-1.6749
2017-04-19 00:00:00+00:00,-2.0292
2017-04-20 00:00:00+00:00,-1.4268
2017-04-21 00:00:00+00:00,-1.4755
2017-04-22 00:00:00+00:00,-3.8218
2017-04-23 00:00:00+00:00,-2.2522
2017-04-24 00:00:00+00:00,-2.513
2017-04-25 00:00:00+00:00,-3.4624
2017-04-26 00:00:00+00:00,-2.0427
2017-04-27 00:00:00+00:00,-2.1133
2017-04-28 00:00:00+00:00,-1.1062
2017-04-29 00:00:00+00:00,-1.748
2017-04-30 00:00:00+00:00,-1.2813
2017-09-01 00:00:00+00:00,-1.0909
2017-09-02 00:00:00+00:00,-1.3298
2017-09-03 00:00:00+00:00,-1.1513
2017-09-04 00:00:00+00:00,-1.8256
2017-09-05 00:00:00+00:00,-0.6627
2017-09-06 00:00:00+00:00,-1.4314
2017-09-07 00:00:00+00:00,-1.2556
2017-09-08 00:00:00+00:00,-1.4653
2017-09-09 00:00:00+00:00,-1.311
2017-09-10 00:00:00+00:00,-2.3162
2017-09-11 00:00:00+00:00,-1.7208
2017-09-12 00:00:00+00:00,-0.2266
2017-09-13 00:00:00+00:00,-1.7309
2017-09-14 00:00:00+00:00,-3.7556
2017-09-15 00:00:00+00:00,-2.2928
2017-09-16 00:00:00+00:00,-1.5734
2017-09-17 00:00:00+00:00,-1.058
2017-09-18 00:00:00+00:00,-0.8375
2017-09-19 00:00:00+00:00,-1.6141
2017-09-20 00:00:00+00:00,-2.1973
2017-09-21 00:00:00+00:00,-2.0312
2017-09-22 00:00:00+00:00,-2.0458
2017-09-23 00:00:00+00:00,-1.4425
2017-09-24 00:00:00+00:00,-1.1346
2017-09-25 00:00:00+00:00,-1.7976
2017-09-26 00:00:00+00:00,-1.351
2017-09-27 00:00:00+00:00,-2.4583
2017-09-28 00:00:00+00:00,-1.9646
2017-09-29 00:00:00+00:00,-2.4184
2017-09-30 00:00:00+00:00,-2.4627
2017-02-01 00:00:00+00:00,-3.9279
2017-02-02 00:00:00+00:00,-4.3139
2017-02-03 00:00:00+00:00,-4.0932
2017-02-04 00:00:00+00:00,-3.982
2017-02-05 00:00:00+00:00,-2.1
2017-02-06 00:00:00+00:00,-2.0173
2017-02-07 00:00:00+00:00,-2.4638
2017-02-08 00:00:00+00:00,-2.2461
2017-02-09 00:00:00+00:00,-1.238
2017-02-10 00:00:00+00:00,-0.9165
2017-02-11 00:00:00+00:00,-1.6448
2017-02-12 00:00:00+00:00,-0.2672
2017-02-13 00:00:00+00:00,-1.6178
2017-02-14 00:00:00+00:00,-2.313
2017-02-15 00:00:00+00:00,-1.7707
2017-02-16 00:00:00+00:00,-1.4949
2017-02-17 00:00:00+00:00,-0.7157
2017-02-18 00:00:00+00:00,-1.5854
2017-02-19 00:00:00+00:00,-1.9195
2017-02-20 00:00:00+00:00,-1.8141
2017-02-21 00:00:00+00:00,-2.4195
2017-02-22 00:00:00+00:00,-2.0907
2017-02-23 00:00:00+00:00,-1.4031
2017-02-24 00:00:00+00:00,-1.3861
2017-02-25 00:00:00+00:00,-1.7577
2017-02-26 00:00:00+00:00,-1.6012
2017-02-27 00:00:00+00:00,-1.8946
2017-02-28 00:00:00+00:00,-1.1386
2017-10-01 00:00:00+00:00,-1.566
2017-10-02 00:00:00+00:00,-1.9047
2017-10-03 00:00:00+00:00,-1.5144
2017-10-04 00:00:00+00:00,-1.7145
2017-10-05 00:00:00+00:00,-1.6323
2017-10-06 00:00:00+00:00,-2.0219
2017-10-07 00:00:00+00:00,-0.8416
2017-10-08 00:00:00+00:00,-0.1315
2017-10-09 00:00:00+00:00,-1.161
2017-10-10 00:00:00+00:00,-1.3316
2017-10-11 00:00:00+00:00,-2.0831
2017-10-12 00:00:00+00:00,-1.3249
2017-10-13 00:00:00+00:00,-1.8433
2017-10-14 00:00:00+00:00,-1.7338
2017-10-15 00:00:00+00:00,-1.2848
2017-10-16 00:00:00+00:00,-1.1852
2017-10-17 00:00:00+00:00,-0.7444
2017-10-18 00:00:00+00:00,-0.6667
2017-10-19 00:00:00+00:00,-1.3497
2017-10-20 00:00:00+00:00,-1.4983
2017-10-21 00:00:00+00:00,-0.7828
2017-10-22 00:00:00+00:00,-0.5658
2017-10-23 00:00:00+00:00,-0.9782
2017-10-24 00:00:00+00:00,-2.7793
2017-10-25 00:00:00+00:00,-3.2936
2017-10-26 00:00:00+00:00,-3.3104
2017-10-27 00:00:00+00:00,-2.0519
2017-10-28 00:00:00+00:00,-2.49
2017-10-29 00:00:00+00:00,-1.564
2017-10-30 00:00:00+00:00,-3.3126
2017-10-31 00:00:00+00:00,-4.0293
2017-08-01 00:00:00+00:00,-0.2502
2017-08-02 00:00:00+00:00,-1.5589
2017-08-03 00:00:00+00:00,-2.0641
2017-08-04 00:00:00+00:00,-2.0163
2017-08-05 00:00:00+00:00,-1.5605
2017-08-06 00:00:00+00:00,-1.4293
2017-08-07 00:00:00+00:00,-2.4029
2017-08-08 00:00:00+00:00,-1.1434
2017-08-09 00:00:00+00:00,-1.0511
2017-08-10 00:00:00+00:00,-1.6651
2017-08-11 00:00:00+00:00,-1.3623
2017-08-12 00:00:00+00:00,-1.3966
2017-08-13 00:00:00+00:00,-0.3852
2017-08-14 00:00:00+00:00,-1.6612
2017-08-15 00:00:00+00:00,-1.938
2017-08-16 00:00:00+00:00,-1.6412
2017-08-17 00:00:00+00:00,-1.1966
2017-08-18 00:00:00+00:00,-1.0832
2017-08-19 00:00:00+00:00,-0.3021
2017-08-20 00:00:00+00:00,-1.8432
2017-08-21 00:00:00+00:00,-0.8821
2017-08-22 00:00:00+00:00,-1.6198
2017-08-23 00:00:00+00:00,-1.084
2017-08-24 00:00:00+00:00,-1.4031
2017-08-25 00:00:00+00:00,-2.0488
2017-08-26 00:00:00+00:00,-1.3367
2017-08-27 00:00:00+00:00,-1.1305
2017-08-28 00:00:00+00:00,-1.3846
2017-08-29 00:00:00+00:00,-1.6947
2017-08-30 00:00:00+00:00,-1.8355
2017-08-31 00:00:00+00:00,-1.6715
2017-07-01 00:00:00+00:00,-4.9695
2017-07-02 00:00:00+00:00,-3.7446
2017-07-03 00:00:00+00:00,-1.3555
2017-07-04 00:00:00+00:00,-1.8197
2017-07-05 00:00:00+00:00,-1.8047
2017-07-06 00:00:00+00:00,-1.2981
2017-07-07 00:00:00+00:00,-1.8535
2017-07-08 00:00:00+00:00,-2.1505
2017-07-09 00:00:00+00:00,-1.1881
2017-07-10 00:00:00+00:00,-1.2495
2017-07-11 00:00:00+00:00,-0.8526
2017-07-12 00:00:00+00:00,-1.1068
2017-07-13 00:00:00+00:00,-0.764
2017-07-14 00:00:00+00:00,-1.1621
2017-07-15 00:00:00+00:00,-1.2101
2017-07-16 00:00:00+00:00,-1.8498
2017-07-17 00:00:00+00:00,-2.5502
2017-07-18 00:00:00+00:00,-2.9014
2017-07-19 00:00:00+00:00,-1.7069
2017-07-20 00:00:00+00:00,-1.7707
2017-07-21 00:00:00+00:00,-2.4406
2017-07-22 00:00:00+00:00,-2.4996
2017-07-23 00:00:00+00:00,-1.3002
2017-07-24 00:00:00+00:00,-2.0509
2017-07-25 00:00:00+00:00,-1.9649
2017-07-26 00:00:00+00:00,-0.6936
2017-07-27 00:00:00+00:00,-0.6909
2017-07-28 00:00:00+00:00,-2.5675
2017-07-29 00:00:00+00:00,-1.8922
2017-07-30 00:00:00+00:00,-1.2986
2017-07-31 00:00:00+00:00,-1.2169
2017-03-01 00:00:00+00:00,-0.8631
2017-03-02 00:00:00+00:00,-1.6118
2017-03-03 00:00:00+00:00,-1.2552
2017-03-04 00:00:00+00:00,-1.8891
2017-03-05 00:00:00+00:00,-2.2273
2017-03-06 00:00:00+00:00,-2.6281
2017-03-07 00:00:00+00:00,-2.4846
2017-03-08 00:00:00+00:00,-0.2296
2017-03-09 00:00:00+00:00,-1.6765
2017-03-10 00:00:00+00:00,-1.7126
2017-03-11 00:00:00+00:00,-1.3927
2017-03-12 00:00:00+00:00,-1.1733
2017-03-13 00:00:00+00:00,-2.7654
2017-03-14 00:00:00+00:00,-2.3551
2017-03-15 00:00:00+00:00,-1.6359
2017-03-16 00:00:00+00:00,-3.715
2017-03-17 00:00:00+00:00,-2.1112
2017-03-18 00:00:00+00:00,-1.9315
2017-03-19 00:00:00+00:00,-1.5143
2017-03-20 00:00:00+00:00,-3.2252
2017-03-21 00:00:00+00:00,-1.9234
2017-03-22 00:00:00+00:00,-2.7322
2017-03-23 00:00:00+00:00,-4.0842
2017-03-24 00:00:00+00:00,-4.0744
2017-03-25 00:00:00+00:00,-3.546
2017-03-26 00:00:00+00:00,-0.8657
2017-03-27 00:00:00+00:00,-1.2019
2017-03-28 00:00:00+00:00,-2.4108
2017-03-29 00:00:00+00:00,-2.528
2017-03-30 00:00:00+00:00,-1.8249
2017-03-31 00:00:00+00:00,-1.9042
2017-11-01 00:00:00+00:00,-1.7408
2017-11-02 00:00:00+00:00,-1.0186
2017-11-03 00:00:00+00:00,-0.5173
2017-11-04 00:00:00+00:00,-1.2217
2017-11-05 00:00:00+00:00,-0.6964
2017-11-06 00:00:00+00:00,-1.3493
2017-11-07 00:00:00+00:00,-0.676
2017-11-08 00:00:00+00:00,-1.5117
2017-11-09 00:00:00+00:00,-0.8886
2017-11-10 00:00:00+00:00,-1.4743
2017-11-11 00:00:00+00:00,-0.9822
2017-11-12 00:00:00+00:00,-2.5807
2017-11-13 00:00:00+00:00,-0.5294
2017-11-14 00:00:00+00:00,-0.6175
2017-11-15 00:00:00+00:00,-1.6865
2017-11-16 00:00:00+00:00,-0.9682
2017-11-17 00:00:00+00:00,-0.7806
2017-11-18 00:00:00+00:00,-1.3972
2017-11-19 00:00:00+00:00,-2.7063
2017-11-20 00:00:00+00:00,-3.7747
2017-11-21 00:00:00+00:00,-1.1953
2017-11-22 00:00:00+00:00,-0.7929
2017-11-23 00:00:00+00:00,-1.3706
2017-11-24 00:00:00+00:00,-3.3361
2017-11-25 00:00:00+00:00,-3.2853
2017-11-26 00:00:00+00:00,-1.1381
2017-11-27 00:00:00+00:00,-0.7323
2017-11-28 00:00:00+00:00,-1.3388
2017-11-29 00:00:00+00:00,-1.2909
2017-11-30 00:00:00+00:00,-2.5616
2017-01-01 00:00:00+00:00,-1.0166
2017-01-02 00:00:00+00:00,-1.6352
2017-01-03 00:00:00+00:00,-1.4089
2017-01-04 00:00:00+00:00,-1.8402
2017-01-05 00:00:00+00:00,-0.8125
2017-01-06 00:00:00+00:00,-0.9966
2017-01-07 00:00:00+00:00,0.4659
2017-01-08 00:00:00+00:00,-0.993
2017-01-09 00:00:00+00:00,-1.3444
2017-01-10 00:00:00+00:00,-2.1188
2017-01-11 00:00:00+00:00,-1.7137
2017-01-12 00:00:00+00:00,-2.2976
2017-01-13 00:00:00+00:00,-0.7403
2017-01-14 00:00:00+00:00,-2.2294
2017-01-15 00:00:00+00:00,-0.7747
2017-01-16 00:00:00+00:00,-2.1956
2017-01-17 00:00:00+00:00,-2.5453
2017-01-18 00:00:00+00:00,-1.8437
2017-01-19 00:00:00+00:00,-2.414
2017-01-20 00:00:00+00:00,-1.5409
2017-01-21 00:00:00+00:00,-1.5353
2017-01-22 00:00:00+00:00,-1.0237
2017-01-23 00:00:00+00:00,-0.7385
2017-01-24 00:00:00+00:00,-2.1228
2017-01-25 00:00:00+00:00,-1.9329
2017-01-26 00:00:00+00:00,-1.4108
2017-01-27 00:00:00+00:00,-1.9498
2017-01-28 00:00:00+00:00,-1.6653
2017-01-29 00:00:00+00:00,-3.0912
2017-01-30 00:00:00+00:00,-1.7703
2017-01-31 00:00:00+00:00,-3.4101
2017-05-01 00:00:00+00:00,-0.8875
2017-05-02 00:00:00+00:00,-1.0891
2017-05-03 00:00:00+00:00,-0.3031
2017-05-04 00:00:00+00:00,-1.9014
2017-05-05 00:00:00+00:00,-1.1904
2017-05-06 00:00:00+00:00,-1.4142
2017-05-07 00:00:00+00:00,-1.776
2017-05-08 00:00:00+00:00,-1.1538
2017-05-09 00:00:00+00:00,-1.0128
2017-05-10 00:00:00+00:00,-0.7376
2017-05-11 00:00:00+00:00,-0.8182
2017-05-12 00:00:00+00:00,-2.5555
2017-05-13 00:00:00+00:00,-4.3747
2017-05-14 00:00:00+00:00,-4.173
2017-05-15 00:00:00+00:00,-5.2429
2017-05-16 00:00:00+00:00,-3.7171
2017-05-17 00:00:00+00:00,-2.2654
2017-05-18 00:00:00+00:00,-1.2326
2017-05-19 00:00:00+00:00,-2.1276
2017-05-20 00:00:00+00:00,-1.3009
2017-05-21 00:00:00+00:00,-1.5068
2017-05-22 00:00:00+00:00,-0.7183
2017-05-23 00:00:00+00:00,-0.9063
2017-05-24 00:00:00+00:00,-0.5599
2017-05-25 00:00:00+00:00,-0.2391
2017-05-26 00:00:00+00:00,-1.084
2017-05-27 00:00:00+00:00,-1.1331
2017-05-28 00:00:00+00:00,-0.4855
2017-05-29 00:00:00+00:00,-2.094
2017-05-30 00:00:00+00:00,-1.8114
2017-05-31 00:00:00+00:00,-1.2867
2017-12-03 00:00:00+00:00,-0.8301
2017-12-04 00:00:00+00:00,-1.5289
2017-12-05 00:00:00+00:00,-0.7762
2017-12-06 00:00:00+00:00,-1.298
2017-12-07 00:00:00+00:00,-2.2766
2017-12-08 00:00:00+00:00,-1.9464
2017-12-09 00:00:00+00:00,-3.8533
2017-12-10 00:00:00+00:00,-2.4317
2017-12-11 00:00:00+00:00,-1.8206
2017-12-12 00:00:00+00:00,-1.3445
2017-12-13 00:00:00+00:00,-1.0908
2017-12-14 00:00:00+00:00,-2.278
2017-12-15 00:00:00+00:00,-3.1448
2017-12-16 00:00:00+00:00,-1.4019
2017-12-17 00:00:00+00:00,-0.4292
2017-12-18 00:00:00+00:00,-1.4263
2017-12-19 00:00:00+00:00,-1.7628
2017-12-20 00:00:00+00:00,-1.205
2017-12-21 00:00:00+00:00,-3.047
2017-12-22 00:00:00+00:00,-2.8606
2017-12-23 00:00:00+00:00,-2.2415
2017-12-24 00:00:00+00:00,-1.7584
2017-12-25 00:00:00+00:00,-0.675
2017-12-26 00:00:00+00:00,-1.1929
2017-12-27 00:00:00+00:00,-2.5676
2017-12-28 00:00:00+00:00,-2.5585
2017-12-29 00:00:00+00:00,-1.2839
2017-12-30 00:00:00+00:00,-0.9889
2017-12-31 00:00:00+00:00,-1.0398
2020-06-01 00:00:00+00:00,-1.6486
2020-06-02 00:00:00+00:00,-1.1397
2020-06-03 00:00:00+00:00,-1.5076
2020-06-04 00:00:00+00:00,-1.7204
2020-06-05 00:00:00+00:00,-1.4654
2020-06-06 00:00:00+00:00,-1.7957
2020-06-07 00:00:00+00:00,-2.3278
2020-06-08 00:00:00+00:00,-1.2264
2020-06-09 00:00:00+00:00,-1.5039
2020-06-10 00:00:00+00:00,-1.7936
2020-06-11 00:00:00+00:00,-2.2872
2020-06-12 00:00:00+00:00,-1.1615
2020-06-13 00:00:00+00:00,-2.0378
2020-06-14 00:00:00+00:00,-1.6691
2020-06-15 00:00:00+00:00,-1.3123
2020-06-16 00:00:00+00:00,-1.23
2020-06-17 00:00:00+00:00,-2.0825
2020-06-18 00:00:00+00:00,-3.0784
2020-06-19 00:00:00+00:00,-2.6484
2020-06-20 00:00:00+00:00,-2.8129
2020-06-21 00:00:00+00:00,-2.3192
2020-06-22 00:00:00+00:00,-2.0061
2020-06-23 00:00:00+00:00,-1.0463
2020-06-24 00:00:00+00:00,-1.533
2020-06-25 00:00:00+00:00,-1.1159
2020-06-26 00:00:00+00:00,-1.63
2020-06-27 00:00:00+00:00,-1.0631
2020-06-28 00:00:00+00:00,-2.0749
2020-06-29 00:00:00+00:00,-2.7277
2020-06-30 00:00:00+00:00,-1.231
2020-04-01 00:00:00+00:00,-1.9127
2020-04-02 00:00:00+00:00,-1.6357
2020-04-03 00:00:00+00:00,-1.814
2020-04-04 00:00:00+00:00,-1.7908
2020-04-05 00:00:00+00:00,-3.0492
2020-04-06 00:00:00+00:00,-3.042
2020-04-07 00:00:00+00:00,-1.8011
2020-04-08 00:00:00+00:00,-2.9152
2020-04-09 00:00:00+00:00,-1.2594
2020-04-10 00:00:00+00:00,-1.4769
2020-04-11 00:00:00+00:00,-1.6839
2020-04-12 00:00:00+00:00,-2.0611
2020-04-13 00:00:00+00:00,-1.8581
2020-04-14 00:00:00+00:00,-2.0399
2020-04-15 00:00:00+00:00,-2.1077
2020-04-16 00:00:00+00:00,-2.5667
2020-04-17 00:00:00+00:00,-2.1404
2020-04-18 00:00:00+00:00,-0.7725
2020-04-19 00:00:00+00:00,-1.7837
2020-04-20 00:00:00+00:00,-3.0532
2020-04-21 00:00:00+00:00,-2.0273
2020-04-22 00:00:00+00:00,-1.6691
2020-04-23 00:00:00+00:00,-2.5564
2020-04-24 00:00:00+00:00,-2.8452
2020-04-25 00:00:00+00:00,-3.287
2020-04-26 00:00:00+00:00,-3.2341
2020-04-27 00:00:00+00:00,-2.6788
2020-04-28 00:00:00+00:00,-2.131
2020-04-29 00:00:00+00:00,-2.2356
2020-04-30 00:00:00+00:00,-2.3488
2020-09-01 00:00:00+00:00,-2.4461
2020-09-02 00:00:00+00:00,-1.0932
2020-09-03 00:00:00+00:00,-1.906
2020-09-04 00:00:00+00:00,-1.5265
2020-09-05 00:00:00+00:00,-1.7452
2020-09-06 00:00:00+00:00,-1.978
2020-09-07 00:00:00+00:00,-1.6629
2020-09-08 00:00:00+00:00,-1.6136
2020-09-09 00:00:00+00:00,-2.1067
2020-09-10 00:00:00+00:00,-2.7815
2020-09-11 00:00:00+00:00,-2.9064
2020-09-12 00:00:00+00:00,-1.9883
2020-09-13 00:00:00+00:00,-3.356
2020-09-14 00:00:00+00:00,-1.256
2020-09-15 00:00:00+00:00,-1.6417
2020-09-16 00:00:00+00:00,-1.0267
2020-09-17 00:00:00+00:00,-3.1879
2020-09-18 00:00:00+00:00,-2.1873
2020-09-19 00:00:00+00:00,-1.2282
2020-09-20 00:00:00+00:00,-1.28
2020-09-21 00:00:00+00:00,-1.6606
2020-09-22 00:00:00+00:00,-2.6727
2020-09-23 00:00:00+00:00,-2.6725
2020-09-24 00:00:00+00:00,-1.4207
2020-09-25 00:00:00+00:00,-2.7986
2020-09-26 00:00:00+00:00,-3.3419
2020-09-27 00:00:00+00:00,-1.4379
2020-09-28 00:00:00+00:00,-1.5087
2020-09-29 00:00:00+00:00,-2.9669
2020-09-30 00:00:00+00:00,-2.3807
2020-02-01 00:00:00+00:00,-2.1608
2020-02-02 00:00:00+00:00,-1.1031
2020-02-03 00:00:00+00:00,-2.1977
2020-02-04 00:00:00+00:00,-1.9446
2020-02-05 00:00:00+00:00,-1.6386
2020-02-06 00:00:00+00:00,-2.3733
2020-02-07 00:00:00+00:00,-2.0149
2020-02-08 00:00:00+00:00,-1.5839
2020-02-09 00:00:00+00:00,-1.5018
2020-02-10 00:00:00+00:00,-0.6524
2020-02-11 00:00:00+00:00,-1.719
2020-02-12 00:00:00+00:00,-1.0949
2020-02-13 00:00:00+00:00,-2.1089
2020-02-14 00:00:00+00:00,-1.3207
2020-02-15 00:00:00+00:00,-1.8579
2020-02-16 00:00:00+00:00,-1.9045
2020-02-17 00:00:00+00:00,-1.812
2020-02-18 00:00:00+00:00,-3.3136
2020-02-19 00:00:00+00:00,-1.9183
2020-02-20 00:00:00+00:00,-1.9366
2020-02-21 00:00:00+00:00,-1.2196
2020-02-22 00:00:00+00:00,-1.1292
2020-02-23 00:00:00+00:00,-0.8123
2020-02-24 00:00:00+00:00,-1.1433
2020-02-25 00:00:00+00:00,-1.0818
2020-02-26 00:00:00+00:00,-1.7198
2020-02-27 00:00:00+00:00,-1.6746
2020-02-28 00:00:00+00:00,-1.6856
2020-10-01 00:00:00+00:00,-1.7543
2020-10-02 00:00:00+00:00,-2.2351
2020-10-03 00:00:00+00:00,-2.5935
2020-10-04 00:00:00+00:00,-0.7463
2020-10-05 00:00:00+00:00,-1.9184
2020-10-06 00:00:00+00:00,-2.0792
2020-10-07 00:00:00+00:00,-1.2148
2020-10-08 00:00:00+00:00,-1.8141
2020-10-09 00:00:00+00:00,-2.9744
2020-10-10 00:00:00+00:00,-2.0947
2020-10-11 00:00:00+00:00,-2.4562
2020-10-12 00:00:00+00:00,-1.7558
2020-10-13 00:00:00+00:00,-2.332
2020-10-14 00:00:00+00:00,-1.3422
2020-10-15 00:00:00+00:00,-2.1388
2020-10-16 00:00:00+00:00,-1.8539
2020-10-17 00:00:00+00:00,-2.2064
2020-10-18 00:00:00+00:00,-2.28
2020-10-19 00:00:00+00:00,-3.2977
2020-10-21 00:00:00+00:00,-3.8391
2020-10-22 00:00:00+00:00,-1.3575
2020-10-23 00:00:00+00:00,-3.8543
2020-10-24 00:00:00+00:00,-1.6036
2020-10-25 00:00:00+00:00,-4.2333
2020-10-26 00:00:00+00:00,-1.579
2020-10-27 00:00:00+00:00,-1.4084
2020-10-28 00:00:00+00:00,-1.565
2020-10-29 00:00:00+00:00,-1.9434
2020-10-30 00:00:00+00:00,-2.4202
2020-10-31 00:00:00+00:00,-1.1661
2020-08-01 00:00:00+00:00,-1.7326
2020-08-02 00:00:00+00:00,-1.6701
2020-08-03 00:00:00+00:00,-1.5298
2020-08-04 00:00:00+00:00,-1.3141
2020-08-05 00:00:00+00:00,-2.3646
2020-08-06 00:00:00+00:00,-3.7402
2020-08-07 00:00:00+00:00,-2.2536
2020-08-08 00:00:00+00:00,-2.8752
2020-08-09 00:00:00+00:00,-3.4664
2020-08-10 00:00:00+00:00,-2.535
2020-08-11 00:00:00+00:00,-1.5457
2020-08-12 00:00:00+00:00,-1.7382
2020-08-13 00:00:00+00:00,-1.8254
2020-08-14 00:00:00+00:00,-2.5833
2020-08-15 00:00:00+00:00,-2.4503
2020-08-16 00:00:00+00:00,-2.4502
2020-08-17 00:00:00+00:00,-1.6214
2020-08-18 00:00:00+00:00,-1.4524
2020-08-19 00:00:00+00:00,-1.595
2020-08-20 00:00:00+00:00,-1.4292
2020-08-21 00:00:00+00:00,-1.6705
2020-08-22 00:00:00+00:00,-2.7953
2020-08-23 00:00:00+00:00,-2.2339
2020-08-24 00:00:00+00:00,-1.595
2020-08-25 00:00:00+00:00,-1.8508
2020-08-26 00:00:00+00:00,-0.8311
2020-08-27 00:00:00+00:00,-1.2888
2020-08-28 00:00:00+00:00,-0.6982
2020-08-29 00:00:00+00:00,-1.5023
2020-08-30 00:00:00+00:00,-2.4205
2020-08-31 00:00:00+00:00,-1.435
2020-07-01 00:00:00+00:00,-1.4767
2020-07-02 00:00:00+00:00,-1.1469
2020-07-03 00:00:00+00:00,-1.1575
2020-07-04 00:00:00+00:00,-1.3955
2020-07-05 00:00:00+00:00,-0.4059
2020-07-06 00:00:00+00:00,-1.634
2020-07-07 00:00:00+00:00,-1.7979
2020-07-08 00:00:00+00:00,-2.2821
2020-07-09 00:00:00+00:00,-1.4815
2020-07-10 00:00:00+00:00,-2.2587
2020-07-11 00:00:00+00:00,-1.3234
2020-07-12 00:00:00+00:00,-1.5591
2020-07-13 00:00:00+00:00,-1.1536
2020-07-14 00:00:00+00:00,-1.4816
2020-07-15 00:00:00+00:00,0.5392
2020-07-16 00:00:00+00:00,-1.3446
2020-07-17 00:00:00+00:00,-2.0459
2020-07-18 00:00:00+00:00,-3.6009
2020-07-19 00:00:00+00:00,-1.8663
2020-07-20 00:00:00+00:00,-2.0905
2020-07-21 00:00:00+00:00,-0.7429
2020-07-22 00:00:00+00:00,-0.8999
2020-07-23 00:00:00+00:00,-4.0516
2020-07-24 00:00:00+00:00,-2.0682
2020-07-25 00:00:00+00:00,-1.5545
2020-07-26 00:00:00+00:00,-2.0588
2020-07-27 00:00:00+00:00,-2.154
2020-07-28 00:00:00+00:00,-0.5465
2020-07-29 00:00:00+00:00,-1.3244
2020-07-30 00:00:00+00:00,-2.105
2020-07-31 00:00:00+00:00,-1.2214
2020-03-01 00:00:00+00:00,-1.2857
2020-03-02 00:00:00+00:00,-1.8125
2020-03-03 00:00:00+00:00,-0.7521
2020-03-04 00:00:00+00:00,-1.2419
2020-03-05 00:00:00+00:00,-2.9866
2020-03-06 00:00:00+00:00,-2.9589
2020-03-07 00:00:00+00:00,-1.3691
2020-03-08 00:00:00+00:00,-5.0362
2020-03-09 00:00:00+00:00,-4.8649
2020-03-10 00:00:00+00:00,-1.7774
2020-03-11 00:00:00+00:00,-2.0087
2020-03-12 00:00:00+00:00,-3.3551
2020-03-13 00:00:00+00:00,-2.5657
2020-03-14 00:00:00+00:00,-2.2405
2020-03-15 00:00:00+00:00,-2.8455
2020-03-16 00:00:00+00:00,-2.5576
2020-03-17 00:00:00+00:00,-3.0213
2020-03-18 00:00:00+00:00,-1.8579
2020-03-19 00:00:00+00:00,-2.6491
2020-03-20 00:00:00+00:00,-2.5757
2020-03-21 00:00:00+00:00,-1.4888
2020-03-22 00:00:00+00:00,-2.3433
2020-03-23 00:00:00+00:00,-2.1037
2020-03-24 00:00:00+00:00,-2.3584
2020-03-25 00:00:00+00:00,-2.4174
2020-03-26 00:00:00+00:00,-2.3942
2020-03-27 00:00:00+00:00,-2.4767
2020-03-28 00:00:00+00:00,-3.0471
2020-03-29 00:00:00+00:00,-1.7026
2020-03-30 00:00:00+00:00,-1.421
2020-03-31 00:00:00+00:00,-1.8972
2020-11-01 00:00:00+00:00,-2.691
2020-11-02 00:00:00+00:00,-1.4315
2020-11-03 00:00:00+00:00,-1.7301
2020-11-04 00:00:00+00:00,-2.9738
2020-11-05 00:00:00+00:00,-1.7073
2020-11-06 00:00:00+00:00,-0.1559
2020-11-07 00:00:00+00:00,-0.2828
2020-11-08 00:00:00+00:00,-1.529
2020-11-09 00:00:00+00:00,-0.9937
2020-11-10 00:00:00+00:00,-1.0469
2020-11-11 00:00:00+00:00,-1.0631
2020-11-12 00:00:00+00:00,-2.1036
2020-11-13 00:00:00+00:00,-2.3282
2020-11-14 00:00:00+00:00,0.0005
2020-11-15 00:00:00+00:00,-3.2683
2020-11-16 00:00:00+00:00,-1.2428
2020-11-17 00:00:00+00:00,0.2068
2020-11-18 00:00:00+00:00,-1.518
2020-11-19 00:00:00+00:00,-1.0327
2020-11-20 00:00:00+00:00,-1.9512
2020-11-21 00:00:00+00:00,-2.248
2020-11-22 00:00:00+00:00,-1.427
2020-11-23 00:00:00+00:00,-1.4678
2020-11-24 00:00:00+00:00,-2.3781
2020-11-25 00:00:00+00:00,-1.3827
2020-11-26 00:00:00+00:00,-2.1429
2020-11-27 00:00:00+00:00,-1.5319
2020-11-28 00:00:00+00:00,-1.4811
2020-11-29 00:00:00+00:00,-0.7751
2020-11-30 00:00:00+00:00,-1.2404
2020-01-01 00:00:00+00:00,-0.2469
2020-01-02 00:00:00+00:00,-1.2257
2020-01-03 00:00:00+00:00,-0.7553
2020-01-04 00:00:00+00:00,-1.4595
2020-01-05 00:00:00+00:00,-1.2285
2020-01-06 00:00:00+00:00,-0.3167
2020-01-07 00:00:00+00:00,-0.991
2020-01-08 00:00:00+00:00,-0.278
2020-01-09 00:00:00+00:00,-0.764
2020-01-10 00:00:00+00:00,-2.6108
2020-01-11 00:00:00+00:00,-2.0399
2020-01-12 00:00:00+00:00,-3.4266
2020-01-13 00:00:00+00:00,-1.3642
2020-01-14 00:00:00+00:00,-1.4629
2020-01-15 00:00:00+00:00,-0.6199
2020-01-16 00:00:00+00:00,-1.5408
2020-01-17 00:00:00+00:00,-1.4905
2020-01-18 00:00:00+00:00,-1.0467
2020-01-19 00:00:00+00:00,-1.1139
2020-01-20 00:00:00+00:00,-2.5356
2020-01-21 00:00:00+00:00,-1.3993
2020-01-22 00:00:00+00:00,-1.0547
2020-01-23 00:00:00+00:00,-1.3104
2020-01-24 00:00:00+00:00,-2.2732
2020-01-25 00:00:00+00:00,-2.4777
2020-01-26 00:00:00+00:00,-2.1242
2020-01-27 00:00:00+00:00,-2.1703
2020-01-28 00:00:00+00:00,-2.2257
2020-01-29 00:00:00+00:00,-1.9261
2020-01-30 00:00:00+00:00,-2.0363
2020-01-31 00:00:00+00:00,-1.6411
2020-05-01 00:00:00+00:00,-1.7913
2020-05-02 00:00:00+00:00,-1.2591
2020-05-03 00:00:00+00:00,-2.8118
2020-05-04 00:00:00+00:00,-2.1413
2020-05-05 00:00:00+00:00,-2.5162
2020-05-06 00:00:00+00:00,-1.488
2020-05-07 00:00:00+00:00,-1.7411
2020-05-08 00:00:00+00:00,-1.2262
2020-05-09 00:00:00+00:00,-1.0734
2020-05-10 00:00:00+00:00,-2.7351
2020-05-11 00:00:00+00:00,-2.7541
2020-05-12 00:00:00+00:00,-2.1098
2020-05-13 00:00:00+00:00,-1.7962
2020-05-14 00:00:00+00:00,-2.2304
2020-05-15 00:00:00+00:00,-1.5671
2020-05-16 00:00:00+00:00,-2.6857
2020-05-17 00:00:00+00:00,-1.8709
2020-05-18 00:00:00+00:00,-3.6359
2020-05-19 00:00:00+00:00,-3.4136
2020-05-20 00:00:00+00:00,-2.6278
2020-05-21 00:00:00+00:00,-2.5283
2020-05-22 00:00:00+00:00,-1.9284
2020-05-23 00:00:00+00:00,-1.5462
2020-05-24 00:00:00+00:00,-0.8859
2020-05-25 00:00:00+00:00,-2.3677
2020-05-26 00:00:00+00:00,-1.9746
2020-05-27 00:00:00+00:00,-2.2893
2020-05-28 00:00:00+00:00,-2.0577
2020-05-29 00:00:00+00:00,-0.984
2020-05-30 00:00:00+00:00,-1.2964
2020-05-31 00:00:00+00:00,-1.6835
2020-12-01 00:00:00+00:00,-0.6813
2020-12-02 00:00:00+00:00,-0.7211
2020-12-03 00:00:00+00:00,-1.248
2020-12-04 00:00:00+00:00,-3.6102
2020-12-05 00:00:00+00:00,-2.4007
2020-12-06 00:00:00+00:00,-1.8509
2020-12-07 00:00:00+00:00,-2.9987
2020-12-08 00:00:00+00:00,-1.8747
2020-12-09 00:00:00+00:00,-0.9343
2020-12-10 00:00:00+00:00,-1.6922
2020-12-11 00:00:00+00:00,-1.8343
2020-12-12 00:00:00+00:00,-2.1915
2020-12-13 00:00:00+00:00,-1.1834
2020-12-14 00:00:00+00:00,-1.0474
2020-12-15 00:00:00+00:00,-1.2441
2020-12-16 00:00:00+00:00,-1.8758
2020-12-17 00:00:00+00:00,-1.235
2020-12-18 00:00:00+00:00,-1.4671
2020-12-19 00:00:00+00:00,-1.5126
2020-12-20 00:00:00+00:00,-1.546
2020-12-21 00:00:00+00:00,-1.321
2020-12-22 00:00:00+00:00,-0.9282
2020-12-23 00:00:00+00:00,-1.3529
2020-12-24 00:00:00+00:00,-0.8232
2020-12-25 00:00:00+00:00,-1.1638
2020-12-26 00:00:00+00:00,-0.2555
2020-12-27 00:00:00+00:00,-1.8615
2020-12-28 00:00:00+00:00,-2.0048
2020-12-29 00:00:00+00:00,-0.9747
2020-12-30 00:00:00+00:00,-0.7908
2020-12-31 00:00:00+00:00,-0.9958
2022-06-01 00:00:00+00:00,-2.6109
2022-06-02 00:00:00+00:00,-2.5358
2022-06-03 00:00:00+00:00,-3.3274
2022-06-04 00:00:00+00:00,-3.4383
2022-06-05 00:00:00+00:00,-3.3052
2022-06-06 00:00:00+00:00,-3.1268
2022-06-07 00:00:00+00:00,-2.9115
2022-06-08 00:00:00+00:00,-2.7516
2022-06-09 00:00:00+00:00,-3.0124
2022-06-10 00:00:00+00:00,-2.8665
2022-06-11 00:00:00+00:00,-3.7143
2022-06-12 00:00:00+00:00,-2.8764
2022-06-13 00:00:00+00:00,-2.9451
2022-06-14 00:00:00+00:00,-2.7588
2022-06-15 00:00:00+00:00,-2.2638
2022-06-16 00:00:00+00:00,-2.2615
2022-06-17 00:00:00+00:00,-2.1702
2022-06-18 00:00:00+00:00,-2.6937
2022-06-19 00:00:00+00:00,-2.5673
2022-06-20 00:00:00+00:00,-2.4705
2022-06-21 00:00:00+00:00,-2.7765
2022-06-22 00:00:00+00:00,-2.7186
2022-06-23 00:00:00+00:00,-2.1635
2022-06-24 00:00:00+00:00,-2.4043
2022-06-25 00:00:00+00:00,-2.8774
2022-06-26 00:00:00+00:00,-2.6359
2022-06-27 00:00:00+00:00,-2.5622
2022-06-28 00:00:00+00:00,-2.554
2022-06-29 00:00:00+00:00,-2.0308
2022-06-30 00:00:00+00:00,-2.4339
2022-04-01 00:00:00+00:00,-2.5551
2022-04-02 00:00:00+00:00,-3.2773
2022-04-03 00:00:00+00:00,-3.4411
2022-04-04 00:00:00+00:00,-3.3468
2022-04-05 00:00:00+00:00,-3.5791
2022-04-06 00:00:00+00:00,-3.4682
2022-04-07 00:00:00+00:00,-3.1425
2022-04-08 00:00:00+00:00,-3.3427
2022-04-09 00:00:00+00:00,-3.8335
2022-04-10 00:00:00+00:00,-3.6527
2022-04-11 00:00:00+00:00,-3.0578
2022-04-12 00:00:00+00:00,-2.9881
2022-04-13 00:00:00+00:00,-3.4311
2022-04-14 00:00:00+00:00,-3.433
2022-04-15 00:00:00+00:00,-3.8733
2022-04-16 00:00:00+00:00,-3.7171
2022-04-17 00:00:00+00:00,-3.7702
2022-04-18 00:00:00+00:00,-3.444
2022-04-19 00:00:00+00:00,-3.3623
2022-04-20 00:00:00+00:00,-2.597
2022-04-21 00:00:00+00:00,-2.9368
2022-04-22 00:00:00+00:00,-2.8161
2022-04-23 00:00:00+00:00,-2.9758
2022-04-24 00:00:00+00:00,-2.6509
2022-04-25 00:00:00+00:00,-2.3855
2022-04-26 00:00:00+00:00,-2.9732
2022-04-27 00:00:00+00:00,-2.6744
2022-04-28 00:00:00+00:00,-2.9526
2022-04-29 00:00:00+00:00,-2.8931
2022-04-30 00:00:00+00:00,-3.3848
2022-09-01 00:00:00+00:00,-2.7733
2022-09-02 00:00:00+00:00,-2.5555
2022-09-03 00:00:00+00:00,-3.1451
2022-09-04 00:00:00+00:00,-2.2234
2022-09-05 00:00:00+00:00,-3.1381
2022-09-06 00:00:00+00:00,-2.445
2022-09-07 00:00:00+00:00,-2.3883
2022-09-08 00:00:00+00:00,-1.9382
2022-09-09 00:00:00+00:00,-2.4622
2022-09-10 00:00:00+00:00,-2.8087
2022-09-11 00:00:00+00:00,-2.9584
2022-09-12 00:00:00+00:00,-2.846
2022-09-13 00:00:00+00:00,-2.4067
2022-09-14 00:00:00+00:00,-2.474
2022-09-15 00:00:00+00:00,-2.5223
2022-09-16 00:00:00+00:00,-2.8924
2022-09-17 00:00:00+00:00,-3.1375
2022-09-18 00:00:00+00:00,-3.3092
2022-09-19 00:00:00+00:00,-3.1586
2022-09-20 00:00:00+00:00,-2.8999
2022-09-21 00:00:00+00:00,-3.3239
2022-09-22 00:00:00+00:00,-3.0479
2022-09-23 00:00:00+00:00,-3.1729
2022-09-24 00:00:00+00:00,-3.4685
2022-09-25 00:00:00+00:00,-3.4607
2022-09-26 00:00:00+00:00,-2.9977
2022-09-27 00:00:00+00:00,-3.1245
2022-09-28 00:00:00+00:00,-2.9368
2022-09-29 00:00:00+00:00,-2.8432
2022-09-30 00:00:00+00:00,-2.6039
2022-02-01 00:00:00+00:00,-2.4661
2022-02-02 00:00:00+00:00,-2.3259
2022-02-03 00:00:00+00:00,-2.0455
2022-02-04 00:00:00+00:00,-2.1366
2022-02-05 00:00:00+00:00,-2.8422
2022-02-06 00:00:00+00:00,-2.358
2022-02-07 00:00:00+00:00,-1.9924
2022-02-08 00:00:00+00:00,-2.0611
2022-02-09 00:00:00+00:00,-2.1845
2022-02-10 00:00:00+00:00,-2.3048
2022-02-11 00:00:00+00:00,-2.548
2022-02-12 00:00:00+00:00,-2.7811
2022-02-13 00:00:00+00:00,-2.8186
2022-02-14 00:00:00+00:00,-2.7187
2022-02-15 00:00:00+00:00,-2.5672
2022-02-16 00:00:00+00:00,-2.5574
2022-02-17 00:00:00+00:00,-2.6932
2022-02-18 00:00:00+00:00,-3.2467
2022-02-19 00:00:00+00:00,-3.599
2022-02-20 00:00:00+00:00,-3.5568
2022-02-21 00:00:00+00:00,-3.2053
2022-02-22 00:00:00+00:00,-3.0416
2022-02-23 00:00:00+00:00,-3.1065
2022-02-24 00:00:00+00:00,-3.6575
2022-02-25 00:00:00+00:00,-3.0335
2022-02-26 00:00:00+00:00,-3.2004
2022-02-27 00:00:00+00:00,-3.1747
2022-02-28 00:00:00+00:00,-2.9843
2022-10-01 00:00:00+00:00,-3.1245
2022-10-02 00:00:00+00:00,-3.2325
2022-10-03 00:00:00+00:00,-2.4195
2022-10-04 00:00:00+00:00,-2.3587
2022-10-05 00:00:00+00:00,-2.6181
2022-10-06 00:00:00+00:00,-2.5388
2022-10-07 00:00:00+00:00,-1.1577
2022-10-08 00:00:00+00:00,-3.0704
2022-10-09 00:00:00+00:00,-3.5768
2022-10-10 00:00:00+00:00,-4.1844
2022-10-11 00:00:00+00:00,-3.5582
2022-10-12 00:00:00+00:00,-2.9031
2022-10-13 00:00:00+00:00,-2.4541
2022-10-14 00:00:00+00:00,-2.5468
2022-10-15 00:00:00+00:00,-2.8349
2022-10-16 00:00:00+00:00,-3.5515
2022-10-17 00:00:00+00:00,-4.2205
2022-10-18 00:00:00+00:00,-4.0097
2022-10-19 00:00:00+00:00,-3.0073
2022-10-20 00:00:00+00:00,-2.8724
2022-10-21 00:00:00+00:00,-2.9839
2022-10-22 00:00:00+00:00,-2.9817
2022-10-23 00:00:00+00:00,-3.6679
2022-10-24 00:00:00+00:00,-3.4868
2022-10-25 00:00:00+00:00,-2.7793
2022-10-26 00:00:00+00:00,-2.764
2022-10-27 00:00:00+00:00,-2.8047
2022-10-28 00:00:00+00:00,-2.7619
2022-10-29 00:00:00+00:00,-3.5889
2022-10-30 00:00:00+00:00,-3.3434
2022-10-31 00:00:00+00:00,-3.243
2022-08-01 00:00:00+00:00,-2.0595
2022-08-02 00:00:00+00:00,-2.5065
2022-08-03 00:00:00+00:00,-2.4354
2022-08-04 00:00:00+00:00,-2.8664
2022-08-05 00:00:00+00:00,-2.7962
2022-08-06 00:00:00+00:00,-3.0103
2022-08-07 00:00:00+00:00,-2.8377
2022-08-08 00:00:00+00:00,-2.9769
2022-08-09 00:00:00+00:00,-2.7936
2022-08-10 00:00:00+00:00,-2.8514
2022-08-11 00:00:00+00:00,-2.9232
2022-08-12 00:00:00+00:00,-2.9902
2022-08-13 00:00:00+00:00,-2.8522
2022-08-14 00:00:00+00:00,-2.2159
2022-08-15 00:00:00+00:00,-2.626
2022-08-16 00:00:00+00:00,-3.0111
2022-08-17 00:00:00+00:00,-3.099
2022-08-18 00:00:00+00:00,-2.5143
2022-08-19 00:00:00+00:00,-2.9153
2022-08-20 00:00:00+00:00,-3.0811
2022-08-21 00:00:00+00:00,-3.423
2022-08-22 00:00:00+00:00,-3.2895
2022-08-23 00:00:00+00:00,-3.0054
2022-08-24 00:00:00+00:00,-3.0413
2022-08-25 00:00:00+00:00,-3.1513
2022-08-26 00:00:00+00:00,-3.2135
2022-08-27 00:00:00+00:00,-3.1295
2022-08-28 00:00:00+00:00,-3.147
2022-08-29 00:00:00+00:00,-2.92
2022-08-30 00:00:00+00:00,-2.518
2022-08-31 00:00:00+00:00,-2.5037
2022-07-01 00:00:00+00:00,-2.6739
2022-07-02 00:00:00+00:00,-2.9465
2022-07-03 00:00:00+00:00,-3.113
2022-07-04 00:00:00+00:00,-2.494
2022-07-05 00:00:00+00:00,-2.4805
2022-07-06 00:00:00+00:00,-3.1879
2022-07-07 00:00:00+00:00,-3.0176
2022-07-08 00:00:00+00:00,-2.9468
2022-07-09 00:00:00+00:00,-3.4505
2022-07-10 00:00:00+00:00,-3.1921
2022-07-11 00:00:00+00:00,-3.053
2022-07-12 00:00:00+00:00,-2.6938
2022-07-13 00:00:00+00:00,-2.5355
2022-07-14 00:00:00+00:00,-2.726
2022-07-15 00:00:00+00:00,-3.1888
2022-07-16 00:00:00+00:00,-3.1862
2022-07-17 00:00:00+00:00,-3.243
2022-07-18 00:00:00+00:00,-2.592
2022-07-19 00:00:00+00:00,-2.7321
2022-07-20 00:00:00+00:00,-2.3509
2022-07-21 00:00:00+00:00,-2.3107
2022-07-22 00:00:00+00:00,-1.5848
2022-07-23 00:00:00+00:00,-2.0295
2022-07-24 00:00:00+00:00,-2.5358
2022-07-25 00:00:00+00:00,-2.4571
2022-07-26 00:00:00+00:00,-2.6029
2022-07-27 00:00:00+00:00,-2.382
2022-07-28 00:00:00+00:00,-2.1463
2022-07-29 00:00:00+00:00,-3.1739
2022-07-30 00:00:00+00:00,-3.7353
2022-07-31 00:00:00+00:00,-3.4683
2022-03-01 00:00:00+00:00,-3.0853
2022-03-02 00:00:00+00:00,-3.1284
2022-03-03 00:00:00+00:00,-2.9531
2022-03-04 00:00:00+00:00,-3.2287
2022-03-05 00:00:00+00:00,-3.2494
2022-03-06 00:00:00+00:00,-3.3825
2022-03-07 00:00:00+00:00,-3.0966
2022-03-08 00:00:00+00:00,-2.83
2022-03-09 00:00:00+00:00,-2.8874
2022-03-10 00:00:00+00:00,-2.9208
2022-03-11 00:00:00+00:00,-3.0745
2022-03-12 00:00:00+00:00,-3.4425
2022-03-13 00:00:00+00:00,-3.2754
2022-03-14 00:00:00+00:00,-3.1715
2022-03-15 00:00:00+00:00,-3.0528
2022-03-16 00:00:00+00:00,-2.6103
2022-03-17 00:00:00+00:00,-2.9124
2022-03-18 00:00:00+00:00,-2.8491
2022-03-19 00:00:00+00:00,-3.0582
2022-03-20 00:00:00+00:00,-3.2445
2022-03-21 00:00:00+00:00,-3.1806
2022-03-22 00:00:00+00:00,-3.0784
2022-03-23 00:00:00+00:00,-2.9754
2022-03-24 00:00:00+00:00,-2.7194
2022-03-25 00:00:00+00:00,-2.8394
2022-03-26 00:00:00+00:00,-3.0465
2022-03-27 00:00:00+00:00,-3.0855
2022-03-28 00:00:00+00:00,-2.5423
2022-03-29 00:00:00+00:00,-2.2899
2022-03-30 00:00:00+00:00,-2.2958
2022-03-31 00:00:00+00:00,-2.3953
2022-11-01 00:00:00+00:00,-2.8802
2022-11-02 00:00:00+00:00,-2.3363
2022-11-03 00:00:00+00:00,-2.4256
2022-11-04 00:00:00+00:00,-2.3829
2022-11-05 00:00:00+00:00,-3.1622
2022-11-06 00:00:00+00:00,-3.3003
2022-11-07 00:00:00+00:00,-2.7932
2022-11-08 00:00:00+00:00,-2.2593
2022-11-09 00:00:00+00:00,-2.1992
2022-11-10 00:00:00+00:00,-2.3909
2022-11-11 00:00:00+00:00,-2.5432
2022-11-12 00:00:00+00:00,-2.4163
2022-11-13 00:00:00+00:00,-2.4687
2022-11-14 00:00:00+00:00,-2.5498
2022-11-15 00:00:00+00:00,-3.0952
2022-11-16 00:00:00+00:00,-3.4088
2022-11-17 00:00:00+00:00,-3.08
2022-11-18 00:00:00+00:00,-3.04
2022-11-19 00:00:00+00:00,-3.02
2022-11-20 00:00:00+00:00,-3.3152
2022-11-21 00:00:00+00:00,-2.7906
2022-11-22 00:00:00+00:00,-2.9158
2022-11-23 00:00:00+00:00,-3.4394
2022-11-24 00:00:00+00:00,-3.0816
2022-11-25 00:00:00+00:00,-2.4428
2022-11-26 00:00:00+00:00,-3.0062
2022-11-27 00:00:00+00:00,-3.2001
2022-11-28 00:00:00+00:00,-2.8305
2022-11-29 00:00:00+00:00,-2.2828
2022-11-30 00:00:00+00:00,-2.3779
2022-01-01 00:00:00+00:00,-2.3941
2022-01-02 00:00:00+00:00,-2.013
2022-01-03 00:00:00+00:00,-1.2523
2022-01-04 00:00:00+00:00,-1.7107
2022-01-05 00:00:00+00:00,-2.0806
2022-01-06 00:00:00+00:00,-2.0656
2022-01-07 00:00:00+00:00,-1.649
2022-01-08 00:00:00+00:00,-2.5402
2022-01-09 00:00:00+00:00,-2.4628
2022-01-10 00:00:00+00:00,-2.4443
2022-01-11 00:00:00+00:00,-2.0761
2022-01-12 00:00:00+00:00,-1.9612
2022-01-13 00:00:00+00:00,-2.8567
2022-01-14 00:00:00+00:00,-2.9007
2022-01-15 00:00:00+00:00,-3.286
2022-01-16 00:00:00+00:00,-5.2716
2022-01-17 00:00:00+00:00,-2.9237
2022-01-18 00:00:00+00:00,-2.4644
2022-01-19 00:00:00+00:00,-2.4281
2022-01-20 00:00:00+00:00,-3.1823
2022-01-21 00:00:00+00:00,-2.7128
2022-01-22 00:00:00+00:00,-2.1136
2022-01-23 00:00:00+00:00,-2.6325
2022-01-24 00:00:00+00:00,-2.643
2022-01-25 00:00:00+00:00,-2.8233
2022-01-26 00:00:00+00:00,-2.7448
2022-01-27 00:00:00+00:00,-2.4525
2022-01-28 00:00:00+00:00,-2.7614
2022-01-29 00:00:00+00:00,-2.6273
2022-01-30 00:00:00+00:00,-3.1915
2022-01-31 00:00:00+00:00,-2.8236
2022-05-01 00:00:00+00:00,-2.9914
2022-05-02 00:00:00+00:00,-3.1186
2022-05-03 00:00:00+00:00,-2.8234
2022-05-04 00:00:00+00:00,-2.8949
2022-05-05 00:00:00+00:00,-2.8118
2022-05-06 00:00:00+00:00,-2.8403
2022-05-07 00:00:00+00:00,-2.7181
2022-05-08 00:00:00+00:00,-2.9696
2022-05-09 00:00:00+00:00,-2.9166
2022-05-10 00:00:00+00:00,-3.0106
2022-05-11 00:00:00+00:00,-2.5744
2022-05-12 00:00:00+00:00,-2.5103
2022-05-13 00:00:00+00:00,-2.8313
2022-05-14 00:00:00+00:00,-2.9854
2022-05-15 00:00:00+00:00,-2.1066
2022-05-16 00:00:00+00:00,-2.4608
2022-05-17 00:00:00+00:00,-2.9048
2022-05-18 00:00:00+00:00,-2.6544
2022-05-19 00:00:00+00:00,-3.0428
2022-05-20 00:00:00+00:00,-2.9676
2022-05-21 00:00:00+00:00,-2.9292
2022-05-22 00:00:00+00:00,-3.0087
2022-05-23 00:00:00+00:00,-3.5821
2022-05-24 00:00:00+00:00,-3.0249
2022-05-25 00:00:00+00:00,-3.0072
2022-05-26 00:00:00+00:00,-2.9089
2022-05-27 00:00:00+00:00,-2.945
2022-05-28 00:00:00+00:00,-2.9905
2022-05-29 00:00:00+00:00,-2.7814
2022-05-30 00:00:00+00:00,-2.6611
2022-05-31 00:00:00+00:00,-3.1911
2022-12-01 00:00:00+00:00,-2.8625
2022-12-02 00:00:00+00:00,-2.7795
2022-12-03 00:00:00+00:00,-2.516
2022-12-04 00:00:00+00:00,-2.5661
2022-12-05 00:00:00+00:00,-2.8529
2022-12-06 00:00:00+00:00,-2.7823
2022-12-07 00:00:00+00:00,-2.6191
2022-12-08 00:00:00+00:00,-2.4747
2022-12-09 00:00:00+00:00,-2.5516
2022-12-10 00:00:00+00:00,-2.6296
2022-12-11 00:00:00+00:00,-2.4594
2022-12-12 00:00:00+00:00,-2.3912
2022-12-13 00:00:00+00:00,-2.2155
2022-12-14 00:00:00+00:00,-2.5318
2022-12-15 00:00:00+00:00,-2.4532
2022-12-16 00:00:00+00:00,-2.8566
2022-12-17 00:00:00+00:00,-2.9697
2022-12-18 00:00:00+00:00,-3.1522
2022-12-19 00:00:00+00:00,-2.6308
2022-12-20 00:00:00+00:00,-2.3155
2022-12-21 00:00:00+00:00,-1.6908
2022-12-22 00:00:00+00:00,-1.7061
2022-12-23 00:00:00+00:00,-2.2189
2022-12-24 00:00:00+00:00,-2.5408
2022-12-25 00:00:00+00:00,-2.7341
2022-12-26 00:00:00+00:00,-2.8032
2022-12-27 00:00:00+00:00,-2.4552
2022-12-28 00:00:00+00:00,-2.454
2022-12-29 00:00:00+00:00,-3.1621
2022-12-30 00:00:00+00:00,-2.7382
2022-12-31 00:00:00+00:00,-2.8142
2021-06-01 00:00:00+00:00,-1.2105
2021-06-02 00:00:00+00:00,-1.5654
2021-06-03 00:00:00+00:00,-1.188
2021-06-04 00:00:00+00:00,-2.5833
2021-06-05 00:00:00+00:00,-3.3587
2021-06-06 00:00:00+00:00,-1.7635
2021-06-07 00:00:00+00:00,-2.4615
2021-06-08 00:00:00+00:00,-1.528
2021-06-09 00:00:00+00:00,-2.0066
2021-06-10 00:00:00+00:00,-1.5759
2021-06-11 00:00:00+00:00,-0.653
2021-06-12 00:00:00+00:00,-0.6178
2021-06-13 00:00:00+00:00,-0.5408
2021-06-14 00:00:00+00:00,-2.4127
2021-06-15 00:00:00+00:00,-2.2592
2021-06-16 00:00:00+00:00,-1.5629
2021-06-17 00:00:00+00:00,-1.8289
2021-06-18 00:00:00+00:00,-2.4534
2021-06-19 00:00:00+00:00,-1.7455
2021-06-20 00:00:00+00:00,-1.209
2021-06-21 00:00:00+00:00,-1.7957
2021-06-22 00:00:00+00:00,-2.2227
2021-06-23 00:00:00+00:00,-4.0423
2021-06-24 00:00:00+00:00,-2.9068
2021-06-25 00:00:00+00:00,-1.8252
2021-06-26 00:00:00+00:00,-1.3885
2021-06-27 00:00:00+00:00,-1.8804
2021-06-28 00:00:00+00:00,-1.9754
2021-06-29 00:00:00+00:00,-1.9875
2021-06-30 00:00:00+00:00,-1.6934
2021-04-01 00:00:00+00:00,-3.6439
2021-04-02 00:00:00+00:00,-3.4791
2021-04-03 00:00:00+00:00,-2.7842
2021-04-04 00:00:00+00:00,-2.7409
2021-04-05 00:00:00+00:00,-2.3109
2021-04-06 00:00:00+00:00,-2.6422
2021-04-07 00:00:00+00:00,-2.3334
2021-04-08 00:00:00+00:00,-2.8105
2021-04-09 00:00:00+00:00,-3.3097
2021-04-10 00:00:00+00:00,-2.9979
2021-04-11 00:00:00+00:00,-2.9402
2021-04-12 00:00:00+00:00,-2.4988
2021-04-13 00:00:00+00:00,-2.3546
2021-04-14 00:00:00+00:00,-2.7007
2021-04-15 00:00:00+00:00,-2.9785
2021-04-16 00:00:00+00:00,-2.6293
2021-04-17 00:00:00+00:00,-3.3638
2021-04-18 00:00:00+00:00,-3.2928
2021-04-19 00:00:00+00:00,-3.0408
2021-04-20 00:00:00+00:00,-3.2022
2021-04-21 00:00:00+00:00,-2.6479
2021-04-22 00:00:00+00:00,-2.5884
2021-04-23 00:00:00+00:00,-2.2158
2021-04-24 00:00:00+00:00,-1.7848
2021-04-25 00:00:00+00:00,-1.836
2021-04-26 00:00:00+00:00,-2.3669
2021-04-27 00:00:00+00:00,-1.9777
2021-04-28 00:00:00+00:00,-1.8604
2021-04-29 00:00:00+00:00,-1.5762
2021-04-30 00:00:00+00:00,-2.1093
2021-09-01 00:00:00+00:00,-0.9244
2021-09-02 00:00:00+00:00,-1.0101
2021-09-03 00:00:00+00:00,-1.2604
2021-09-04 00:00:00+00:00,-1.4571
2021-09-05 00:00:00+00:00,-1.1447
2021-09-06 00:00:00+00:00,-1.719
2021-09-07 00:00:00+00:00,-1.242
2021-09-08 00:00:00+00:00,-1.0323
2021-09-09 00:00:00+00:00,-0.8238
2021-09-10 00:00:00+00:00,-2.7344
2021-09-11 00:00:00+00:00,-1.4859
2021-09-12 00:00:00+00:00,-1.0256
2021-09-13 00:00:00+00:00,-1.584
2021-09-14 00:00:00+00:00,-1.5451
2021-09-15 00:00:00+00:00,-2.2886
2021-09-16 00:00:00+00:00,-0.257
2021-09-17 00:00:00+00:00,-1.7847
2021-09-18 00:00:00+00:00,-1.1163
2021-09-19 00:00:00+00:00,-0.7262
2021-09-20 00:00:00+00:00,-2.2505
2021-09-21 00:00:00+00:00,-2.1044
2021-09-22 00:00:00+00:00,-1.5779
2021-09-23 00:00:00+00:00,-1.7896
2021-09-24 00:00:00+00:00,-1.7014
2021-09-25 00:00:00+00:00,-1.6697
2021-09-26 00:00:00+00:00,-0.8722
2021-09-27 00:00:00+00:00,-1.5438
2021-09-28 00:00:00+00:00,-0.9768
2021-09-29 00:00:00+00:00,-2.1505
2021-09-30 00:00:00+00:00,-1.3754
2021-02-01 00:00:00+00:00,-1.8649
2021-02-02 00:00:00+00:00,-0.8666
2021-02-03 00:00:00+00:00,-1.9855
2021-02-04 00:00:00+00:00,-1.4788
2021-02-05 00:00:00+00:00,-1.7845
2021-02-06 00:00:00+00:00,-2.3317
2021-02-07 00:00:00+00:00,-1.9614
2021-02-08 00:00:00+00:00,-1.9517
2021-02-09 00:00:00+00:00,-0.0808
2021-02-10 00:00:00+00:00,-1.2866
2021-02-11 00:00:00+00:00,-2.1334
2021-02-12 00:00:00+00:00,-2.0601
2021-02-13 00:00:00+00:00,-2.4141
2021-02-14 00:00:00+00:00,-2.5806
2021-02-15 00:00:00+00:00,-1.9377
2021-02-16 00:00:00+00:00,-2.358
2021-02-17 00:00:00+00:00,-1.6022
2021-02-18 00:00:00+00:00,-0.916
2021-02-19 00:00:00+00:00,-1.9894
2021-02-20 00:00:00+00:00,-2.0898
2021-02-21 00:00:00+00:00,-2.1368
2021-02-22 00:00:00+00:00,-1.5473
2021-02-23 00:00:00+00:00,-2.991
2021-02-24 00:00:00+00:00,-1.4125
2021-02-25 00:00:00+00:00,-2.1535
2021-02-26 00:00:00+00:00,-2.0104
2021-02-27 00:00:00+00:00,-2.0088
2021-02-28 00:00:00+00:00,-0.3455
2021-10-01 00:00:00+00:00,-0.9888
2021-10-02 00:00:00+00:00,-1.3886
2021-10-03 00:00:00+00:00,-1.5293
2021-10-04 00:00:00+00:00,-2.2884
2021-10-05 00:00:00+00:00,-1.9349
2021-10-06 00:00:00+00:00,-1.2534
2021-10-07 00:00:00+00:00,-1.268
2021-10-08 00:00:00+00:00,-1.9558
2021-10-09 00:00:00+00:00,-2.5668
2021-10-10 00:00:00+00:00,-1.3984
2021-10-11 00:00:00+00:00,-2.0047
2021-10-12 00:00:00+00:00,-1.5166
2021-10-13 00:00:00+00:00,-1.3562
2021-10-14 00:00:00+00:00,-1.3419
2021-10-15 00:00:00+00:00,-1.6473
2021-10-16 00:00:00+00:00,-2.0128
2021-10-17 00:00:00+00:00,-1.3921
2021-10-18 00:00:00+00:00,-1.4794
2021-10-19 00:00:00+00:00,-2.1015
2021-10-20 00:00:00+00:00,-1.3901
2021-10-21 00:00:00+00:00,-1.9704
2021-10-22 00:00:00+00:00,-1.5988
2021-10-23 00:00:00+00:00,-1.9258
2021-10-24 00:00:00+00:00,-2.2604
2021-10-25 00:00:00+00:00,-1.8098
2021-10-26 00:00:00+00:00,-1.8214
2021-10-27 00:00:00+00:00,-2.1408
2021-10-28 00:00:00+00:00,-2.3042
2021-10-29 00:00:00+00:00,-1.9925
2021-10-30 00:00:00+00:00,-2.9995
2021-10-31 00:00:00+00:00,-2.7336
2021-08-01 00:00:00+00:00,-4.6379
2021-08-02 00:00:00+00:00,-3.0542
2021-08-03 00:00:00+00:00,-3.981
2021-08-04 00:00:00+00:00,-3.6771
2021-08-05 00:00:00+00:00,-2.2622
2021-08-06 00:00:00+00:00,-1.5337
2021-08-07 00:00:00+00:00,-1.1198
2021-08-08 00:00:00+00:00,-1.4838
2021-08-09 00:00:00+00:00,-1.8382
2021-08-10 00:00:00+00:00,-1.0573
2021-08-11 00:00:00+00:00,-2.0102
2021-08-12 00:00:00+00:00,-1.6345
2021-08-13 00:00:00+00:00,-0.9962
2021-08-14 00:00:00+00:00,-1.2385
2021-08-15 00:00:00+00:00,-1.4951
2021-08-16 00:00:00+00:00,-1.809
2021-08-17 00:00:00+00:00,-1.9912
2021-08-18 00:00:00+00:00,-2.3942
2021-08-19 00:00:00+00:00,-1.6464
2021-08-20 00:00:00+00:00,-3.1881
2021-08-21 00:00:00+00:00,-1.455
2021-08-22 00:00:00+00:00,-0.98
2021-08-23 00:00:00+00:00,-1.7089
2021-08-24 00:00:00+00:00,-0.8451
2021-08-25 00:00:00+00:00,-1.1749
2021-08-26 00:00:00+00:00,-1.4535
2021-08-27 00:00:00+00:00,-1.6222
2021-08-28 00:00:00+00:00,-1.4963
2021-08-29 00:00:00+00:00,-2.728
2021-08-30 00:00:00+00:00,-1.0278
2021-08-31 00:00:00+00:00,-2.3157
2021-07-01 00:00:00+00:00,-1.5923
2021-07-02 00:00:00+00:00,-1.602
2021-07-03 00:00:00+00:00,-1.1131
2021-07-04 00:00:00+00:00,-1.7293
2021-07-05 00:00:00+00:00,-1.1479
2021-07-06 00:00:00+00:00,-1.664
2021-07-07 00:00:00+00:00,-1.4537
2021-07-08 00:00:00+00:00,-2.1953
2021-07-09 00:00:00+00:00,-1.3987
2021-07-10 00:00:00+00:00,-0.2732
2021-07-11 00:00:00+00:00,-1.4589
2021-07-12 00:00:00+00:00,-1.4558
2021-07-13 00:00:00+00:00,-1.3625
2021-07-14 00:00:00+00:00,-1.3879
2021-07-15 00:00:00+00:00,-1.7599
2021-07-16 00:00:00+00:00,-1.178
2021-07-17 00:00:00+00:00,-1.4868
2021-07-18 00:00:00+00:00,-2.123
2021-07-19 00:00:00+00:00,-1.1156
2021-07-20 00:00:00+00:00,-1.0641
2021-07-21 00:00:00+00:00,-0.3476
2021-07-22 00:00:00+00:00,-2.3513
2021-07-23 00:00:00+00:00,-2.403
2021-07-24 00:00:00+00:00,-1.314
2021-07-25 00:00:00+00:00,-0.831
2021-07-26 00:00:00+00:00,-1.2757
2021-07-27 00:00:00+00:00,-1.4406
2021-07-28 00:00:00+00:00,-0.6017
2021-07-29 00:00:00+00:00,-1.5439
2021-07-30 00:00:00+00:00,-3.8236
2021-07-31 00:00:00+00:00,-3.0528
2021-03-01 00:00:00+00:00,-1.6063
2021-03-02 00:00:00+00:00,-2.0118
2021-03-03 00:00:00+00:00,-1.7639
2021-03-04 00:00:00+00:00,-2.1018
2021-03-05 00:00:00+00:00,-1.1624
2021-03-06 00:00:00+00:00,-0.7214
2021-03-07 00:00:00+00:00,-0.9228
2021-03-08 00:00:00+00:00,-0.8686
2021-03-09 00:00:00+00:00,-1.2601
2021-03-10 00:00:00+00:00,-0.693
2021-03-11 00:00:00+00:00,-0.7666
2021-03-12 00:00:00+00:00,-2.3537
2021-03-13 00:00:00+00:00,-2.109
2021-03-14 00:00:00+00:00,-0.9261
2021-03-15 00:00:00+00:00,-1.8574
2021-03-16 00:00:00+00:00,-0.9674
2021-03-17 00:00:00+00:00,-0.9739
2021-03-18 00:00:00+00:00,-1.5723
2021-03-19 00:00:00+00:00,-1.9772
2021-03-20 00:00:00+00:00,-1.8136
2021-03-21 00:00:00+00:00,-0.9295
2021-03-22 00:00:00+00:00,-1.7443
2021-03-23 00:00:00+00:00,-1.9616
2021-03-24 00:00:00+00:00,-1.6405
2021-03-25 00:00:00+00:00,-2.702
2021-03-26 00:00:00+00:00,-1.6547
2021-03-27 00:00:00+00:00,-1.2082
2021-03-28 00:00:00+00:00,-0.8094
2021-03-29 00:00:00+00:00,-2.5694
2021-03-30 00:00:00+00:00,-2.272
2021-03-31 00:00:00+00:00,-2.301
2021-11-01 00:00:00+00:00,-4.2325
2021-11-02 00:00:00+00:00,-3.4917
2021-11-03 00:00:00+00:00,-2.9738
2021-11-04 00:00:00+00:00,-2.908
2021-11-05 00:00:00+00:00,-2.348
2021-11-06 00:00:00+00:00,-2.6468
2021-11-07 00:00:00+00:00,-3.0156
2021-11-08 00:00:00+00:00,-2.5737
2021-11-09 00:00:00+00:00,-2.0108
2021-11-10 00:00:00+00:00,-1.9134
2021-11-11 00:00:00+00:00,-2.4302
2021-11-12 00:00:00+00:00,-3.5137
2021-11-13 00:00:00+00:00,-2.8861
2021-11-14 00:00:00+00:00,-3.0187
2021-11-15 00:00:00+00:00,-3.1717
2021-11-16 00:00:00+00:00,-2.7932
2021-11-17 00:00:00+00:00,-2.4462
2021-11-18 00:00:00+00:00,-2.4607
2021-11-19 00:00:00+00:00,-2.2633
2021-11-20 00:00:00+00:00,-2.8078
2021-11-21 00:00:00+00:00,-2.6117
2021-11-22 00:00:00+00:00,-3.3047
2021-11-23 00:00:00+00:00,-3.1613
2021-11-24 00:00:00+00:00,-3.1767
2021-11-25 00:00:00+00:00,-2.8654
2021-11-26 00:00:00+00:00,-2.6215
2021-11-27 00:00:00+00:00,-2.9516
2021-11-28 00:00:00+00:00,-2.6398
2021-11-29 00:00:00+00:00,-2.6051
2021-11-30 00:00:00+00:00,-2.5911
2021-01-01 00:00:00+00:00,-1.3366
2021-01-02 00:00:00+00:00,0.0987
2021-01-03 00:00:00+00:00,-2.5961
2021-01-04 00:00:00+00:00,-1.9454
2021-01-05 00:00:00+00:00,-0.3012
2021-01-06 00:00:00+00:00,0.2858
2021-01-07 00:00:00+00:00,-1.6589
2021-01-08 00:00:00+00:00,-1.3302
2021-01-09 00:00:00+00:00,-0.9794
2021-01-10 00:00:00+00:00,-1.72
2021-01-11 00:00:00+00:00,-1.7603
2021-01-12 00:00:00+00:00,-1.7612
2021-01-13 00:00:00+00:00,-2.2062
2021-01-14 00:00:00+00:00,-2.9017
2021-01-15 00:00:00+00:00,-0.9327
2021-01-16 00:00:00+00:00,-2.3283
2021-01-17 00:00:00+00:00,-1.3979
2021-01-18 00:00:00+00:00,-1.6889
2021-01-19 00:00:00+00:00,-2.1441
2021-01-20 00:00:00+00:00,-2.1182
2021-01-21 00:00:00+00:00,-2.0114
2021-01-22 00:00:00+00:00,-1.9153
2021-01-23 00:00:00+00:00,-2.5229
2021-01-24 00:00:00+00:00,-1.786
2021-01-25 00:00:00+00:00,-1.583
2021-01-26 00:00:00+00:00,-1.5598
2021-01-27 00:00:00+00:00,-1.3593
2021-01-28 00:00:00+00:00,-1.9294
2021-01-29 00:00:00+00:00,-1.6803
2021-01-30 00:00:00+00:00,-3.3248
2021-01-31 00:00:00+00:00,-2.2068
2021-05-01 00:00:00+00:00,-0.8566
2021-05-02 00:00:00+00:00,-0.8178
2021-05-03 00:00:00+00:00,-1.025
2021-05-04 00:00:00+00:00,-1.4959
2021-05-05 00:00:00+00:00,-1.1649
2021-05-06 00:00:00+00:00,-1.5431
2021-05-07 00:00:00+00:00,-0.7693
2021-05-08 00:00:00+00:00,-0.691
2021-05-09 00:00:00+00:00,-0.7853
2021-05-10 00:00:00+00:00,-0.8782
2021-05-11 00:00:00+00:00,-1.6224
2021-05-12 00:00:00+00:00,-0.3224
2021-05-13 00:00:00+00:00,-1.2261
2021-05-14 00:00:00+00:00,-2.3776
2021-05-15 00:00:00+00:00,-1.2394
2021-05-16 00:00:00+00:00,-0.2739
2021-05-17 00:00:00+00:00,-1.295
2021-05-18 00:00:00+00:00,-1.5463
2021-05-19 00:00:00+00:00,-0.7845
2021-05-20 00:00:00+00:00,-1.7863
2021-05-21 00:00:00+00:00,-1.0105
2021-05-22 00:00:00+00:00,-1.7828
2021-05-23 00:00:00+00:00,-0.202
2021-05-24 00:00:00+00:00,-1.7468
2021-05-25 00:00:00+00:00,-1.874
2021-05-26 00:00:00+00:00,-1.2306
2021-05-27 00:00:00+00:00,-1.3775
2021-05-28 00:00:00+00:00,-1.8368
2021-05-29 00:00:00+00:00,-1.6846
2021-05-30 00:00:00+00:00,-1.6019
2021-05-31 00:00:00+00:00,-1.1504
2021-12-01 00:00:00+00:00,-2.87
2021-12-02 00:00:00+00:00,-3.3356
2021-12-03 00:00:00+00:00,-3.416
2021-12-04 00:00:00+00:00,-3.0153
2021-12-05 00:00:00+00:00,-2.9474
2021-12-06 00:00:00+00:00,-2.6102
2021-12-07 00:00:00+00:00,-2.4449
2021-12-08 00:00:00+00:00,-2.2815
2021-12-09 00:00:00+00:00,-2.6696
2021-12-10 00:00:00+00:00,-2.1116
2021-12-11 00:00:00+00:00,-1.9636
2021-12-12 00:00:00+00:00,-2.9968
2021-12-13 00:00:00+00:00,-2.9992
2021-12-14 00:00:00+00:00,-2.979
2021-12-15 00:00:00+00:00,-2.6948
2021-12-16 00:00:00+00:00,-2.4984
2021-12-17 00:00:00+00:00,-2.1047
2021-12-18 00:00:00+00:00,-2.8501
2021-12-19 00:00:00+00:00,-2.3042
2021-12-20 00:00:00+00:00,-2.4467
2021-12-21 00:00:00+00:00,-2.1779
2021-12-22 00:00:00+00:00,-2.7218
2021-12-23 00:00:00+00:00,-2.7746
2021-12-24 00:00:00+00:00,-2.7662
2021-12-25 00:00:00+00:00,-3.4476
2021-12-26 00:00:00+00:00,-3.0912
2021-12-27 00:00:00+00:00,-2.6955
2021-12-28 00:00:00+00:00,-2.251
2021-12-29 00:00:00+00:00,-1.6756
2021-12-30 00:00:00+00:00,-1.9935
2021-12-31 00:00:00+00:00,-1.8918
2023-06-01 00:00:00+00:00,-2.6757
2023-06-02 00:00:00+00:00,-2.4861
2023-06-03 00:00:00+00:00,-2.2845
2023-06-04 00:00:00+00:00,-3.3072
2023-06-05 00:00:00+00:00,-3.0382
2023-06-06 00:00:00+00:00,-4.5198
2023-06-07 00:00:00+00:00,-4.1338
2023-06-08 00:00:00+00:00,-3.5678
2023-06-09 00:00:00+00:00,-3.4677
2023-06-10 00:00:00+00:00,-2.6331
2023-06-11 00:00:00+00:00,-3.4663
2023-06-12 00:00:00+00:00,-2.6666
2023-06-13 00:00:00+00:00,-2.8274
2023-06-14 00:00:00+00:00,-2.5828
2023-06-15 00:00:00+00:00,-2.6866
2023-06-16 00:00:00+00:00,-2.3993
2023-06-17 00:00:00+00:00,-2.5218
2023-06-18 00:00:00+00:00,-3.0396
2023-06-19 00:00:00+00:00,-2.6295
2023-06-20 00:00:00+00:00,-2.005
2023-06-21 00:00:00+00:00,-2.2039
2023-06-22 00:00:00+00:00,-2.1363
2023-06-23 00:00:00+00:00,-2.885
2023-06-24 00:00:00+00:00,-4.8117
2023-06-25 00:00:00+00:00,-3.9529
2023-06-26 00:00:00+00:00,-3.2872
2023-06-27 00:00:00+00:00,-3.4787
2023-06-28 00:00:00+00:00,-2.5693
2023-06-29 00:00:00+00:00,-2.1857
2023-06-30 00:00:00+00:00,-2.2939
2023-04-01 00:00:00+00:00,-2.7981
2023-04-02 00:00:00+00:00,-3.1508
2023-04-03 00:00:00+00:00,-2.3631
2023-04-04 00:00:00+00:00,-1.8464
2023-04-05 00:00:00+00:00,-1.933
2023-04-06 00:00:00+00:00,-2.008
2023-04-07 00:00:00+00:00,-1.9953
2023-04-08 00:00:00+00:00,-2.4607
2023-04-09 00:00:00+00:00,-2.4171
2023-04-10 00:00:00+00:00,-2.3378
2023-04-11 00:00:00+00:00,-2.1672
2023-04-12 00:00:00+00:00,-2.1208
2023-04-13 00:00:00+00:00,-2.3221
2023-04-14 00:00:00+00:00,-2.5195
2023-04-15 00:00:00+00:00,-2.2759
2023-04-16 00:00:00+00:00,-1.9298
2023-04-17 00:00:00+00:00,-3.015
2023-04-18 00:00:00+00:00,-2.5895
2023-04-19 00:00:00+00:00,-2.6996
2023-04-20 00:00:00+00:00,-2.1565
2023-04-21 00:00:00+00:00,-2.3254
2023-04-22 00:00:00+00:00,-2.5965
2023-04-23 00:00:00+00:00,-2.3281
2023-04-24 00:00:00+00:00,-2.2994
2023-04-25 00:00:00+00:00,-2.7408
2023-04-26 00:00:00+00:00,-2.3506
2023-04-27 00:00:00+00:00,-2.0949
2023-04-28 00:00:00+00:00,-2.7233
2023-04-29 00:00:00+00:00,-3.1312
2023-04-30 00:00:00+00:00,-2.5369
2023-09-01 00:00:00+00:00,-2.3862
2023-09-02 00:00:00+00:00,-1.859
2023-09-03 00:00:00+00:00,-2.5302
2023-09-04 00:00:00+00:00,-1.596
2023-09-05 00:00:00+00:00,-2.5472
2023-09-06 00:00:00+00:00,-2.5767
2023-09-07 00:00:00+00:00,-2.5068
2023-09-08 00:00:00+00:00,-2.8031
2023-09-09 00:00:00+00:00,-1.9774
2023-09-10 00:00:00+00:00,-2.026
2023-09-11 00:00:00+00:00,-1.7281
2023-09-12 00:00:00+00:00,-1.9684
2023-09-13 00:00:00+00:00,-2.1285
2023-09-14 00:00:00+00:00,-2.235
2023-09-15 00:00:00+00:00,-1.9142
2023-09-16 00:00:00+00:00,-1.8556
2023-09-17 00:00:00+00:00,-2.925
2023-09-18 00:00:00+00:00,-2.4711
2023-09-19 00:00:00+00:00,-2.4792
2023-09-20 00:00:00+00:00,-2.8694
2023-09-21 00:00:00+00:00,-1.6006
2023-09-22 00:00:00+00:00,-1.7666
2023-09-23 00:00:00+00:00,-2.3051
2023-09-24 00:00:00+00:00,-3.1165
2023-09-25 00:00:00+00:00,-3.4086
2023-09-26 00:00:00+00:00,-3.0359
2023-09-27 00:00:00+00:00,-2.4851
2023-09-28 00:00:00+00:00,-2.4033
2023-09-29 00:00:00+00:00,-2.427
2023-09-30 00:00:00+00:00,-2.5576
2023-02-01 00:00:00+00:00,-2.0125
2023-02-02 00:00:00+00:00,-2.1864
2023-02-03 00:00:00+00:00,-2.1861
2023-02-04 00:00:00+00:00,-2.4193
2023-02-05 00:00:00+00:00,-2.693
2023-02-06 00:00:00+00:00,-2.2293
2023-02-07 00:00:00+00:00,-2.2416
2023-02-08 00:00:00+00:00,-2.0212
2023-02-09 00:00:00+00:00,-1.83
2023-02-10 00:00:00+00:00,-2.3015
2023-02-11 00:00:00+00:00,-2.2274
2023-02-12 00:00:00+00:00,-2.3851
2023-02-13 00:00:00+00:00,-2.3826
2023-02-14 00:00:00+00:00,-2.0969
2023-02-15 00:00:00+00:00,-2.1135
2023-02-16 00:00:00+00:00,-2.247
2023-02-17 00:00:00+00:00,-2.1616
2023-02-18 00:00:00+00:00,-2.5877
2023-02-19 00:00:00+00:00,-2.5482
2023-02-20 00:00:00+00:00,-2.0542
2023-02-21 00:00:00+00:00,-2.428
2023-02-22 00:00:00+00:00,-2.2228
2023-02-23 00:00:00+00:00,-2.4174
2023-02-24 00:00:00+00:00,-2.6834
2023-02-25 00:00:00+00:00,-2.5536
2023-02-26 00:00:00+00:00,-2.6853
2023-02-27 00:00:00+00:00,-2.6845
2023-02-28 00:00:00+00:00,-2.399
2023-10-01 00:00:00+00:00,-1.7335
2023-10-02 00:00:00+00:00,-2.0223
2023-10-03 00:00:00+00:00,-2.5855
2023-10-04 00:00:00+00:00,-2.0823
2023-10-05 00:00:00+00:00,-2.3938
2023-10-06 00:00:00+00:00,-2.3127
2023-10-07 00:00:00+00:00,-2.7563
2023-10-08 00:00:00+00:00,-3.576
2023-10-09 00:00:00+00:00,-2.8334
2023-10-10 00:00:00+00:00,-2.8135
2023-10-11 00:00:00+00:00,-2.8026
2023-10-12 00:00:00+00:00,-3.0032
2023-10-13 00:00:00+00:00,-2.8796
2023-10-14 00:00:00+00:00,-3.164
2023-10-15 00:00:00+00:00,-3.3383
2023-10-16 00:00:00+00:00,-2.6259
2023-10-17 00:00:00+00:00,-2.1494
2023-10-18 00:00:00+00:00,-2.9905
2023-10-19 00:00:00+00:00,-2.7033
2023-10-20 00:00:00+00:00,-2.5443
2023-10-21 00:00:00+00:00,-2.4713
2023-10-22 00:00:00+00:00,-3.1882
2023-10-23 00:00:00+00:00,-2.4401
2023-10-24 00:00:00+00:00,-2.5701
2023-10-25 00:00:00+00:00,-2.6446
2023-10-26 00:00:00+00:00,-2.4116
2023-10-27 00:00:00+00:00,-2.2617
2023-10-28 00:00:00+00:00,-3.0504
2023-10-29 00:00:00+00:00,-3.1946
2023-10-30 00:00:00+00:00,-3.2272
2023-10-31 00:00:00+00:00,-3.0603
2023-08-01 00:00:00+00:00,-2.8584
2023-08-02 00:00:00+00:00,-2.1473
2023-08-03 00:00:00+00:00,-2.8272
2023-08-04 00:00:00+00:00,-3.2225
2023-08-05 00:00:00+00:00,-2.9431
2023-08-06 00:00:00+00:00,-3.2474
2023-08-07 00:00:00+00:00,-2.7808
2023-08-08 00:00:00+00:00,-2.4709
2023-08-09 00:00:00+00:00,-2.6651
2023-08-10 00:00:00+00:00,-2.9262
2023-08-11 00:00:00+00:00,-2.8486
2023-08-12 00:00:00+00:00,-3.9598
2023-08-13 00:00:00+00:00,-2.7743
2023-08-14 00:00:00+00:00,-2.6664
2023-08-15 00:00:00+00:00,-2.6856
2023-08-16 00:00:00+00:00,-2.7648
2023-08-17 00:00:00+00:00,-2.2119
2023-08-18 00:00:00+00:00,-2.1659
2023-08-19 00:00:00+00:00,-2.8998
2023-08-20 00:00:00+00:00,-2.9078
2023-08-21 00:00:00+00:00,-1.7559
2023-08-22 00:00:00+00:00,-2.5349
2023-08-23 00:00:00+00:00,-3.1351
2023-08-24 00:00:00+00:00,-3.2797
2023-08-25 00:00:00+00:00,-3.229
2023-08-26 00:00:00+00:00,-3.3193
2023-08-27 00:00:00+00:00,-2.9885
2023-08-28 00:00:00+00:00,-2.5983
2023-08-29 00:00:00+00:00,-2.3813
2023-08-30 00:00:00+00:00,-3.0023
2023-08-31 00:00:00+00:00,-2.162
2023-07-01 00:00:00+00:00,-2.518
2023-07-02 00:00:00+00:00,-2.5889
2023-07-03 00:00:00+00:00,-2.7272
2023-07-04 00:00:00+00:00,-3.0008
2023-07-05 00:00:00+00:00,-2.7383
2023-07-06 00:00:00+00:00,-3.254
2023-07-07 00:00:00+00:00,-2.4076
2023-07-08 00:00:00+00:00,-2.6321
2023-07-09 00:00:00+00:00,-2.3922
2023-07-10 00:00:00+00:00,-2.1632
2023-07-11 00:00:00+00:00,-1.4737
2023-07-12 00:00:00+00:00,-1.4885
2023-07-13 00:00:00+00:00,-2.1941
2023-07-14 00:00:00+00:00,-2.2477
2023-07-15 00:00:00+00:00,-2.2563
2023-07-16 00:00:00+00:00,-2.5883
2023-07-17 00:00:00+00:00,-2.5529
2023-07-18 00:00:00+00:00,-2.7103
2023-07-19 00:00:00+00:00,-3.0168
2023-07-20 00:00:00+00:00,-2.7159
2023-07-21 00:00:00+00:00,-2.98
2023-07-22 00:00:00+00:00,-3.3695
2023-07-23 00:00:00+00:00,-3.6063
2023-07-24 00:00:00+00:00,-3.2855
2023-07-25 00:00:00+00:00,-2.2495
2023-07-26 00:00:00+00:00,-2.5152
2023-07-27 00:00:00+00:00,-2.2384
2023-07-28 00:00:00+00:00,-2.2419
2023-07-29 00:00:00+00:00,-2.4578
2023-07-30 00:00:00+00:00,-3.9853
2023-07-31 00:00:00+00:00,-3.2849
2023-03-01 00:00:00+00:00,-2.2784
2023-03-02 00:00:00+00:00,-2.6942
2023-03-03 00:00:00+00:00,-2.2683
2023-03-04 00:00:00+00:00,-2.3175
2023-03-05 00:00:00+00:00,-2.2926
2023-03-06 00:00:00+00:00,-2.3223
2023-03-07 00:00:00+00:00,-2.3494
2023-03-08 00:00:00+00:00,-1.955
2023-03-09 00:00:00+00:00,-2.5727
2023-03-10 00:00:00+00:00,-2.1892
2023-03-11 00:00:00+00:00,-2.0557
2023-03-12 00:00:00+00:00,-2.3777
2023-03-13 00:00:00+00:00,-2.1556
2023-03-14 00:00:00+00:00,-2.1518
2023-03-15 00:00:00+00:00,-2.1437
2023-03-16 00:00:00+00:00,-2.0598
2023-03-17 00:00:00+00:00,-2.5686
2023-03-18 00:00:00+00:00,-2.5329
2023-03-19 00:00:00+00:00,-2.6095
2023-03-20 00:00:00+00:00,-1.8521
2023-03-21 00:00:00+00:00,-2.0137
2023-03-22 00:00:00+00:00,-1.7746
2023-03-24 00:00:00+00:00,-2.5957
2023-03-25 00:00:00+00:00,-2.1162
2023-03-26 00:00:00+00:00,-2.3556
2023-03-27 00:00:00+00:00,-2.2935
2023-03-28 00:00:00+00:00,-2.4786
2023-03-29 00:00:00+00:00,-1.9077
2023-03-30 00:00:00+00:00,-2.7413
2023-03-31 00:00:00+00:00,-2.3209
2023-11-01 00:00:00+00:00,-2.8404
2023-11-02 00:00:00+00:00,-2.7882
2023-11-03 00:00:00+00:00,-2.8817
2023-11-04 00:00:00+00:00,-2.056
2023-11-05 00:00:00+00:00,-2.9861
2023-11-06 00:00:00+00:00,-2.6751
2023-11-07 00:00:00+00:00,-2.4624
2023-11-08 00:00:00+00:00,-2.5323
2023-11-09 00:00:00+00:00,-2.4477
2023-11-10 00:00:00+00:00,-2.2604
2023-11-11 00:00:00+00:00,-3.3477
2023-11-12 00:00:00+00:00,-2.9439
2023-11-13 00:00:00+00:00,-2.914
2023-11-14 00:00:00+00:00,-2.1967
2023-11-15 00:00:00+00:00,-2.3065
2023-11-16 00:00:00+00:00,-2.4831
2023-11-17 00:00:00+00:00,-2.3599
2023-11-18 00:00:00+00:00,-3.1765
2023-11-19 00:00:00+00:00,-3.5458
2023-11-20 00:00:00+00:00,-2.5932
2023-11-21 00:00:00+00:00,-2.5932
2023-11-22 00:00:00+00:00,-2.5857
2023-11-23 00:00:00+00:00,-2.4859
2023-11-24 00:00:00+00:00,-2.6108
2023-11-25 00:00:00+00:00,-3.4313
2023-11-26 00:00:00+00:00,-3.3307
2023-11-27 00:00:00+00:00,-2.8728
2023-11-28 00:00:00+00:00,-3.1499
2023-11-29 00:00:00+00:00,-2.4528
2023-11-30 00:00:00+00:00,-2.1529
2023-01-01 00:00:00+00:00,-2.0788
2023-01-02 00:00:00+00:00,-3.5249
2023-01-03 00:00:00+00:00,-2.9555
2023-01-04 00:00:00+00:00,-2.9007
2023-01-05 00:00:00+00:00,-2.2323
2023-01-06 00:00:00+00:00,-2.208
2023-01-07 00:00:00+00:00,-2.081
2023-01-08 00:00:00+00:00,-2.8957
2023-01-09 00:00:00+00:00,-2.5423
2023-01-10 00:00:00+00:00,-2.2642
2023-01-11 00:00:00+00:00,-2.0285
2023-01-12 00:00:00+00:00,-2.1238
2023-01-13 00:00:00+00:00,-2.25
2023-01-14 00:00:00+00:00,-2.7389
2023-01-15 00:00:00+00:00,-2.8632
2023-01-16 00:00:00+00:00,-2.6368
2023-01-17 00:00:00+00:00,-2.3464
2023-01-18 00:00:00+00:00,-2.4468
2023-01-19 00:00:00+00:00,-2.1248
2023-01-20 00:00:00+00:00,-1.9538
2023-01-21 00:00:00+00:00,-2.4022
2023-01-22 00:00:00+00:00,-2.458
2023-01-23 00:00:00+00:00,-2.2741
2023-01-24 00:00:00+00:00,-2.3262
2023-01-25 00:00:00+00:00,-2.0512
2023-01-26 00:00:00+00:00,-2.3778
2023-01-27 00:00:00+00:00,-2.2995
2023-01-28 00:00:00+00:00,-2.1561
2023-01-29 00:00:00+00:00,-2.485
2023-01-30 00:00:00+00:00,-2.3763
2023-01-31 00:00:00+00:00,-2.0913
2023-05-01 00:00:00+00:00,-2.8257
2023-05-02 00:00:00+00:00,-2.2205
2023-05-03 00:00:00+00:00,-3.4023
2023-05-04 00:00:00+00:00,-3.458
2023-05-05 00:00:00+00:00,-3.252
2023-05-06 00:00:00+00:00,-2.7276
2023-05-07 00:00:00+00:00,-3.5981
2023-05-08 00:00:00+00:00,-2.9366
2023-05-09 00:00:00+00:00,-1.9822
2023-05-10 00:00:00+00:00,-2.208
2023-05-11 00:00:00+00:00,-2.1871
2023-05-12 00:00:00+00:00,-1.9429
2023-05-13 00:00:00+00:00,-0.8465
2023-05-14 00:00:00+00:00,-1.1626
2023-05-15 00:00:00+00:00,-1.6892
2023-05-16 00:00:00+00:00,-2.0095
2023-05-17 00:00:00+00:00,-1.6101
2023-05-18 00:00:00+00:00,-2.0396
2023-05-19 00:00:00+00:00,-2.0046
2023-05-20 00:00:00+00:00,-2.1902
2023-05-21 00:00:00+00:00,-2.0118
2023-05-22 00:00:00+00:00,-1.9913
2023-05-23 00:00:00+00:00,-2.507
2023-05-24 00:00:00+00:00,-2.9108
2023-05-25 00:00:00+00:00,-2.7944
2023-05-26 00:00:00+00:00,-2.8128
2023-05-27 00:00:00+00:00,-3.2309
2023-05-28 00:00:00+00:00,-3.4191
2023-05-29 00:00:00+00:00,-2.9871
2023-05-30 00:00:00+00:00,-3.8415
2023-05-31 00:00:00+00:00,-2.9402
2023-12-01 00:00:00+00:00,-2.4723
2023-12-02 00:00:00+00:00,-2.4716
2023-12-03 00:00:00+00:00,-2.9585
2023-12-04 00:00:00+00:00,-2.4521
2023-12-05 00:00:00+00:00,-2.3997
2023-12-06 00:00:00+00:00,-2.4076
2023-12-07 00:00:00+00:00,-2.2881
2023-12-08 00:00:00+00:00,-2.4356
2023-12-09 00:00:00+00:00,-2.4738
2023-12-10 00:00:00+00:00,-2.6558
2023-12-11 00:00:00+00:00,-2.2506
2023-12-12 00:00:00+00:00,-2.0459
2023-12-13 00:00:00+00:00,-2.3045
2023-12-14 00:00:00+00:00,-2.2483
2023-12-15 00:00:00+00:00,-1.9456
2023-12-16 00:00:00+00:00,-2.8206
2023-12-17 00:00:00+00:00,-3.1066
2023-12-18 00:00:00+00:00,-3.0457
2023-12-19 00:00:00+00:00,-2.2934
2023-12-20 00:00:00+00:00,-2.8766
2023-12-21 00:00:00+00:00,-2.5301
2023-12-22 00:00:00+00:00,-2.6277
2023-12-23 00:00:00+00:00,-2.9278
2023-12-24 00:00:00+00:00,-2.0408
2023-12-25 00:00:00+00:00,-2.1755
2023-12-26 00:00:00+00:00,-2.8881
2023-12-27 00:00:00+00:00,-2.6511
2023-12-28 00:00:00+00:00,-2.4794
2023-12-29 00:00:00+00:00,-4.5104
2023-12-30 00:00:00+00:00,-5.355
2023-12-31 00:00:00+00:00,-4.9535
2018-06-01 00:00:00+00:00,-2.2945
2018-06-02 00:00:00+00:00,-2.1165
2018-06-03 00:00:00+00:00,-1.3612
2018-06-04 00:00:00+00:00,-2.2873
2018-06-05 00:00:00+00:00,-0.9044
2018-06-06 00:00:00+00:00,-1.8985
2018-06-07 00:00:00+00:00,-1.8158
2018-06-08 00:00:00+00:00,-1.4491
2018-06-09 00:00:00+00:00,-4.0887
2018-06-10 00:00:00+00:00,-2.9437
2018-06-11 00:00:00+00:00,-1.9243
2018-06-12 00:00:00+00:00,-1.182
2018-06-13 00:00:00+00:00,-1.5657
2018-06-14 00:00:00+00:00,0.1543
2018-06-15 00:00:00+00:00,-0.2642
2018-06-16 00:00:00+00:00,0.8024
2018-06-17 00:00:00+00:00,0.5626
2018-06-18 00:00:00+00:00,0.4024
2018-06-19 00:00:00+00:00,0.779
2018-06-20 00:00:00+00:00,0.3016
2018-06-21 00:00:00+00:00,-1.6794
2018-06-22 00:00:00+00:00,-1.465
2018-06-23 00:00:00+00:00,-0.5613
2018-06-24 00:00:00+00:00,-1.8476
2018-06-25 00:00:00+00:00,-1.7986
2018-06-26 00:00:00+00:00,-3.169
2018-06-27 00:00:00+00:00,-2.1161
2018-06-28 00:00:00+00:00,-2.3885
2018-06-29 00:00:00+00:00,-2.5751
2018-06-30 00:00:00+00:00,-1.6554
2018-04-01 00:00:00+00:00,-1.7404
2018-04-02 00:00:00+00:00,-0.5632
2018-04-03 00:00:00+00:00,-0.5831
2018-04-04 00:00:00+00:00,-1.6085
2018-04-05 00:00:00+00:00,-2.675
2018-04-06 00:00:00+00:00,-1.9952
2018-04-07 00:00:00+00:00,-2.1975
2018-04-08 00:00:00+00:00,-0.3059
2018-04-09 00:00:00+00:00,-1.4277
2018-04-10 00:00:00+00:00,-1.5818
2018-04-11 00:00:00+00:00,-1.7967
2018-04-12 00:00:00+00:00,-0.843
2018-04-13 00:00:00+00:00,-2.9476
2018-04-14 00:00:00+00:00,-1.4369
2018-04-15 00:00:00+00:00,-1.7371
2018-04-16 00:00:00+00:00,-1.0138
2018-04-17 00:00:00+00:00,-0.6487
2018-04-18 00:00:00+00:00,-1.6398
2018-04-19 00:00:00+00:00,-0.6618
2018-04-20 00:00:00+00:00,-1.6854
2018-04-21 00:00:00+00:00,-2.7887
2018-04-22 00:00:00+00:00,-1.013
2018-04-23 00:00:00+00:00,-0.6011
2018-04-24 00:00:00+00:00,-0.797
2018-04-25 00:00:00+00:00,-1.5588
2018-04-26 00:00:00+00:00,-2.6261
2018-04-27 00:00:00+00:00,-0.4554
2018-04-28 00:00:00+00:00,-0.5641
2018-04-29 00:00:00+00:00,0.6311
2018-04-30 00:00:00+00:00,-0.2959
2018-09-01 00:00:00+00:00,-5.57
2018-09-02 00:00:00+00:00,-3.7531
2018-09-03 00:00:00+00:00,-2.3372
2018-09-04 00:00:00+00:00,-1.7207
2018-09-05 00:00:00+00:00,-2.2244
2018-09-06 00:00:00+00:00,-1.3447
2018-09-07 00:00:00+00:00,-2.0202
2018-09-08 00:00:00+00:00,-1.3686
2018-09-09 00:00:00+00:00,-1.3811
2018-09-10 00:00:00+00:00,-2.4552
2018-09-11 00:00:00+00:00,-1.9073
2018-09-12 00:00:00+00:00,-1.2069
2018-09-13 00:00:00+00:00,-2.596
2018-09-14 00:00:00+00:00,-1.8864
2018-09-15 00:00:00+00:00,-1.5266
2018-09-16 00:00:00+00:00,-1.3385
2018-09-17 00:00:00+00:00,-1.8986
2018-09-18 00:00:00+00:00,-1.401
2018-09-19 00:00:00+00:00,-2.7994
2018-09-20 00:00:00+00:00,-2.3276
2018-09-21 00:00:00+00:00,-0.9997
2018-09-22 00:00:00+00:00,-1.0204
2018-09-23 00:00:00+00:00,-1.9252
2018-09-24 00:00:00+00:00,-1.2701
2018-09-25 00:00:00+00:00,-0.814
2018-09-26 00:00:00+00:00,-1.6581
2018-09-27 00:00:00+00:00,-1.6061
2018-09-28 00:00:00+00:00,0.2414
2018-09-29 00:00:00+00:00,-2.7835
2018-09-30 00:00:00+00:00,-1.3439
2018-02-01 00:00:00+00:00,-1.7015
2018-02-02 00:00:00+00:00,-1.3769
2018-02-03 00:00:00+00:00,-1.2817
2018-02-04 00:00:00+00:00,0.1365
2018-02-05 00:00:00+00:00,-2.658
2018-02-06 00:00:00+00:00,-0.782
2018-02-07 00:00:00+00:00,-0.6969
2018-02-08 00:00:00+00:00,-1.8508
2018-02-09 00:00:00+00:00,-1.1894
2018-02-10 00:00:00+00:00,-0.6281
2018-02-11 00:00:00+00:00,-2.3855
2018-02-12 00:00:00+00:00,-1.3177
2018-02-13 00:00:00+00:00,-2.5489
2018-02-14 00:00:00+00:00,-2.3214
2018-02-15 00:00:00+00:00,-2.1278
2018-02-16 00:00:00+00:00,-2.371
2018-02-17 00:00:00+00:00,-1.6534
2018-02-18 00:00:00+00:00,-2.5574
2018-02-19 00:00:00+00:00,-2.5915
2018-02-20 00:00:00+00:00,-2.1094
2018-02-21 00:00:00+00:00,-1.7173
2018-02-22 00:00:00+00:00,-1.2943
2018-02-23 00:00:00+00:00,-2.3065
2018-02-24 00:00:00+00:00,-2.9826
2018-02-25 00:00:00+00:00,-2.6534
2018-02-26 00:00:00+00:00,-1.2004
2018-02-27 00:00:00+00:00,-1.154
2018-02-28 00:00:00+00:00,-0.8549
2018-10-01 00:00:00+00:00,-1.8734
2018-10-02 00:00:00+00:00,-1.4653
2018-10-03 00:00:00+00:00,-0.7233
2018-10-04 00:00:00+00:00,-2.3742
2018-10-05 00:00:00+00:00,-3.0796
2018-10-06 00:00:00+00:00,-1.0881
2018-10-07 00:00:00+00:00,-1.6238
2018-10-08 00:00:00+00:00,-1.3657
2018-10-09 00:00:00+00:00,-1.835
2018-10-10 00:00:00+00:00,-1.0068
2018-10-11 00:00:00+00:00,-1.5147
2018-10-12 00:00:00+00:00,-1.2428
2018-10-13 00:00:00+00:00,-1.3318
2018-10-14 00:00:00+00:00,0.0489
2018-10-15 00:00:00+00:00,-1.2793
2018-10-16 00:00:00+00:00,-1.7454
2018-10-17 00:00:00+00:00,-3.8896
2018-10-18 00:00:00+00:00,-2.5522
2018-10-19 00:00:00+00:00,-2.2242
2018-10-20 00:00:00+00:00,0.2784
2018-10-21 00:00:00+00:00,-1.0633
2018-10-22 00:00:00+00:00,-1.2462
2018-10-23 00:00:00+00:00,-2.0084
2018-10-24 00:00:00+00:00,-1.9559
2018-10-25 00:00:00+00:00,-1.7617
2018-10-26 00:00:00+00:00,-1.4915
2018-10-27 00:00:00+00:00,-1.5832
2018-10-28 00:00:00+00:00,-0.3186
2018-10-29 00:00:00+00:00,-0.8058
2018-10-30 00:00:00+00:00,-2.5297
2018-10-31 00:00:00+00:00,-1.3895
2018-08-01 00:00:00+00:00,-2.1877
2018-08-02 00:00:00+00:00,-2.1748
2018-08-03 00:00:00+00:00,-1.8258
2018-08-04 00:00:00+00:00,-0.4407
2018-08-05 00:00:00+00:00,-0.9759
2018-08-06 00:00:00+00:00,-1.2718
2018-08-07 00:00:00+00:00,-1.5247
2018-08-08 00:00:00+00:00,-2.0291
2018-08-09 00:00:00+00:00,-1.9696
2018-08-10 00:00:00+00:00,-1.7747
2018-08-11 00:00:00+00:00,-2.137
2018-08-12 00:00:00+00:00,-2.042
2018-08-13 00:00:00+00:00,-1.7234
2018-08-14 00:00:00+00:00,-2.31
2018-08-15 00:00:00+00:00,-2.1096
2018-08-16 00:00:00+00:00,-2.0168
2018-08-17 00:00:00+00:00,-1.4422
2018-08-18 00:00:00+00:00,-1.4487
2018-08-19 00:00:00+00:00,-1.3043
2018-08-20 00:00:00+00:00,-1.721
2018-08-21 00:00:00+00:00,-2.5119
2018-08-22 00:00:00+00:00,-2.1179
2018-08-23 00:00:00+00:00,-1.8107
2018-08-24 00:00:00+00:00,-1.3396
2018-08-25 00:00:00+00:00,-1.7779
2018-08-26 00:00:00+00:00,-1.9553
2018-08-27 00:00:00+00:00,-2.0806
2018-08-28 00:00:00+00:00,-0.7904
2018-08-29 00:00:00+00:00,-1.1595
2018-08-30 00:00:00+00:00,-0.9606
2018-08-31 00:00:00+00:00,-5.4778
2018-07-01 00:00:00+00:00,-1.0354
2018-07-02 00:00:00+00:00,-1.7009
2018-07-03 00:00:00+00:00,-0.3764
2018-07-04 00:00:00+00:00,-0.4885
2018-07-05 00:00:00+00:00,-4.1869
2018-07-06 00:00:00+00:00,-2.2818
2018-07-07 00:00:00+00:00,-1.5767
2018-07-08 00:00:00+00:00,-1.9992
2018-07-09 00:00:00+00:00,-1.2135
2018-07-10 00:00:00+00:00,-0.8121
2018-07-11 00:00:00+00:00,-1.0705
2018-07-12 00:00:00+00:00,-0.5398
2018-07-13 00:00:00+00:00,-0.9993
2018-07-14 00:00:00+00:00,-1.2794
2018-07-15 00:00:00+00:00,-1.6739
2018-07-16 00:00:00+00:00,-2.1189
2018-07-17 00:00:00+00:00,-1.0781
2018-07-18 00:00:00+00:00,-1.2975
2018-07-19 00:00:00+00:00,-2.0307
2018-07-20 00:00:00+00:00,-1.6471
2018-07-21 00:00:00+00:00,-1.3256
2018-07-22 00:00:00+00:00,-0.8591
2018-07-23 00:00:00+00:00,-1.4067
2018-07-24 00:00:00+00:00,-1.1118
2018-07-25 00:00:00+00:00,-1.3239
2018-07-26 00:00:00+00:00,-1.8545
2018-07-27 00:00:00+00:00,-0.8947
2018-07-28 00:00:00+00:00,-2.1867
2018-07-29 00:00:00+00:00,-0.2794
2018-07-30 00:00:00+00:00,-1.5877
2018-07-31 00:00:00+00:00,-1.7389
2018-03-01 00:00:00+00:00,-1.6488
2018-03-02 00:00:00+00:00,-2.8415
2018-03-03 00:00:00+00:00,-2.2003
2018-03-04 00:00:00+00:00,-2.2738
2018-03-05 00:00:00+00:00,-2.1152
2018-03-06 00:00:00+00:00,-0.9375
2018-03-07 00:00:00+00:00,-2.4971
2018-03-08 00:00:00+00:00,-0.793
2018-03-09 00:00:00+00:00,-1.8755
2018-03-10 00:00:00+00:00,-1.1033
2018-03-11 00:00:00+00:00,0.0189
2018-03-12 00:00:00+00:00,-2.4047
2018-03-13 00:00:00+00:00,-1.753
2018-03-14 00:00:00+00:00,-3.3109
2018-03-15 00:00:00+00:00,-2.3165
2018-03-16 00:00:00+00:00,-2.632
2018-03-17 00:00:00+00:00,-2.2229
2018-03-18 00:00:00+00:00,-3.5025
2018-03-19 00:00:00+00:00,-2.1401
2018-03-20 00:00:00+00:00,-1.4495
2018-03-21 00:00:00+00:00,-1.5434
2018-03-22 00:00:00+00:00,-1.2998
2018-03-23 00:00:00+00:00,-1.7746
2018-03-24 00:00:00+00:00,-1.6518
2018-03-25 00:00:00+00:00,-1.7063
2018-03-26 00:00:00+00:00,-2.9144
2018-03-27 00:00:00+00:00,-2.9697
2018-03-28 00:00:00+00:00,-0.9428
2018-03-29 00:00:00+00:00,-0.9158
2018-03-30 00:00:00+00:00,-1.48
2018-03-31 00:00:00+00:00,-1.1026
2018-11-01 00:00:00+00:00,-3.3905
2018-11-02 00:00:00+00:00,-2.6206
2018-11-03 00:00:00+00:00,-0.6125
2018-11-04 00:00:00+00:00,-2.0981
2018-11-05 00:00:00+00:00,-0.9464
2018-11-06 00:00:00+00:00,-1.3811
2018-11-07 00:00:00+00:00,-1.7288
2018-11-08 00:00:00+00:00,-2.2651
2018-11-09 00:00:00+00:00,-2.5847
2018-11-10 00:00:00+00:00,-0.0947
2018-11-11 00:00:00+00:00,-2.6068
2018-11-12 00:00:00+00:00,-1.9271
2018-11-13 00:00:00+00:00,-3.1297
2018-11-14 00:00:00+00:00,-1.8956
2018-11-15 00:00:00+00:00,-2.0636
2018-11-16 00:00:00+00:00,-1.689
2018-11-17 00:00:00+00:00,-0.1749
2018-11-18 00:00:00+00:00,-1.7768
2018-11-19 00:00:00+00:00,-1.2236
2018-11-20 00:00:00+00:00,-0.4607
2018-11-21 00:00:00+00:00,-1.3756
2018-11-22 00:00:00+00:00,-2.1159
2018-11-23 00:00:00+00:00,-1.6516
2018-11-24 00:00:00+00:00,-2.0424
2018-11-25 00:00:00+00:00,-4.5622
2018-11-26 00:00:00+00:00,-4.499
2018-11-27 00:00:00+00:00,-3.9327
2018-11-28 00:00:00+00:00,-3.3787
2018-11-29 00:00:00+00:00,-2.9926
2018-11-30 00:00:00+00:00,-2.7513
2018-01-01 00:00:00+00:00,-0.6098
2018-01-02 00:00:00+00:00,-1.2419
2018-01-03 00:00:00+00:00,-0.709
2018-01-04 00:00:00+00:00,-0.917
2018-01-05 00:00:00+00:00,-0.8183
2018-01-06 00:00:00+00:00,-0.3559
2018-01-07 00:00:00+00:00,0.583
2018-01-08 00:00:00+00:00,-0.5467
2018-01-09 00:00:00+00:00,-0.2553
2018-01-10 00:00:00+00:00,-1.1642
2018-01-11 00:00:00+00:00,-1.8808
2018-01-12 00:00:00+00:00,-0.9333
2018-01-13 00:00:00+00:00,-1.3343
2018-01-14 00:00:00+00:00,-0.3151
2018-01-15 00:00:00+00:00,-1.5986
2018-01-16 00:00:00+00:00,-2.0673
2018-01-17 00:00:00+00:00,-0.8264
2018-01-18 00:00:00+00:00,-2.549
2018-01-19 00:00:00+00:00,-2.7621
2018-01-20 00:00:00+00:00,-2.1347
2018-01-21 00:00:00+00:00,-1.3811
2018-01-22 00:00:00+00:00,-1.3595
2018-01-23 00:00:00+00:00,-0.8627
2018-01-24 00:00:00+00:00,-1.5685
2018-01-25 00:00:00+00:00,-1.2847
2018-01-26 00:00:00+00:00,-2.4664
2018-01-27 00:00:00+00:00,-3.5891
2018-01-28 00:00:00+00:00,-1.8539
2018-01-29 00:00:00+00:00,-0.7315
2018-01-30 00:00:00+00:00,-0.8755
2018-01-31 00:00:00+00:00,-1.2092
2018-05-01 00:00:00+00:00,-1.0742
2018-05-02 00:00:00+00:00,-1.6022
2018-05-03 00:00:00+00:00,-0.4396
2018-05-04 00:00:00+00:00,-1.1445
2018-05-05 00:00:00+00:00,-0.3071
2018-05-06 00:00:00+00:00,-0.5021
2018-05-07 00:00:00+00:00,-1.3621
2018-05-08 00:00:00+00:00,-1.7972
2018-05-09 00:00:00+00:00,-0.8524
2018-05-10 00:00:00+00:00,-2.1088
2018-05-11 00:00:00+00:00,-0.0189
2018-05-12 00:00:00+00:00,-2.3139
2018-05-13 00:00:00+00:00,-2.5227
2018-05-14 00:00:00+00:00,-0.1578
2018-05-15 00:00:00+00:00,-3.1847
2018-05-16 00:00:00+00:00,-2.5392
2018-05-17 00:00:00+00:00,-4.3314
2018-05-18 00:00:00+00:00,-1.7
2018-05-19 00:00:00+00:00,-1.2843
2018-05-20 00:00:00+00:00,-1.0585
2018-05-21 00:00:00+00:00,-1.5517
2018-05-22 00:00:00+00:00,-2.6276
2018-05-23 00:00:00+00:00,-1.5803
2018-05-24 00:00:00+00:00,-2.6124
2018-05-25 00:00:00+00:00,-3.1737
2018-05-26 00:00:00+00:00,-2.5107
2018-05-27 00:00:00+00:00,-3.1376
2018-05-28 00:00:00+00:00,-1.9022
2018-05-29 00:00:00+00:00,-3.9979
2018-05-30 00:00:00+00:00,-5.2147
2018-05-31 00:00:00+00:00,-3.5901
2018-12-01 00:00:00+00:00,-2.5598
2018-12-02 00:00:00+00:00,-2.642
2018-12-03 00:00:00+00:00,-2.2088
2018-12-04 00:00:00+00:00,-2.2196
2018-12-05 00:00:00+00:00,-2.3853
2018-12-06 00:00:00+00:00,-1.7859
2018-12-07 00:00:00+00:00,-2.3277
2018-12-08 00:00:00+00:00,-2.4844
2018-12-09 00:00:00+00:00,-2.303
2018-12-10 00:00:00+00:00,-1.7028
2018-12-11 00:00:00+00:00,-1.4531
2018-12-12 00:00:00+00:00,-2.1452
2018-12-13 00:00:00+00:00,-2.0427
2018-12-14 00:00:00+00:00,-2.1752
2018-12-15 00:00:00+00:00,-1.2361
2018-12-16 00:00:00+00:00,-1.6432
2018-12-17 00:00:00+00:00,-2.5336
2018-12-18 00:00:00+00:00,-1.5726
2018-12-19 00:00:00+00:00,-2.1545
2018-12-20 00:00:00+00:00,-2.0379
2018-12-21 00:00:00+00:00,-2.3407
2018-12-22 00:00:00+00:00,-2.7095
2018-12-23 00:00:00+00:00,-2.6154
2018-12-24 00:00:00+00:00,-3.2709
2018-12-25 00:00:00+00:00,-1.946
2018-12-26 00:00:00+00:00,-2.4866
2018-12-27 00:00:00+00:00,-2.1746
2018-12-28 00:00:00+00:00,-2.4318
2018-12-29 00:00:00+00:00,-2.5979
2018-12-30 00:00:00+00:00,-2.1695
2018-12-31 00:00:00+00:00,-1.9692
2019-06-01 00:00:00+00:00,-1.3233
2019-06-02 00:00:00+00:00,-1.6145
2019-06-03 00:00:00+00:00,-1.0748
2019-06-04 00:00:00+00:00,-1.3553
2019-06-05 00:00:00+00:00,-0.9438
2019-06-06 00:00:00+00:00,-0.9507
2019-06-07 00:00:00+00:00,-0.6927
2019-06-08 00:00:00+00:00,-0.9923
2019-06-09 00:00:00+00:00,-0.8923
2019-06-10 00:00:00+00:00,-1.6198
2019-06-11 00:00:00+00:00,-1.4429
2019-06-12 00:00:00+00:00,-1.7299
2019-06-13 00:00:00+00:00,-0.5256
2019-06-14 00:00:00+00:00,-0.6612
2019-06-15 00:00:00+00:00,-0.859
2019-06-16 00:00:00+00:00,-0.4935
2019-06-17 00:00:00+00:00,-0.9216
2019-06-18 00:00:00+00:00,-0.8967
2019-06-19 00:00:00+00:00,-4.7901
2019-06-20 00:00:00+00:00,-3.7716
2019-06-21 00:00:00+00:00,-1.7193
2019-06-22 00:00:00+00:00,-1.2835
2019-06-23 00:00:00+00:00,-2.7728
2019-06-24 00:00:00+00:00,-1.3094
2019-06-25 00:00:00+00:00,-1.7009
2019-06-26 00:00:00+00:00,-1.795
2019-06-27 00:00:00+00:00,-2.3407
2019-06-28 00:00:00+00:00,-1.8528
2019-06-29 00:00:00+00:00,-1.524
2019-06-30 00:00:00+00:00,-0.4592
2019-04-01 00:00:00+00:00,-0.2673
2019-04-02 00:00:00+00:00,-0.8823
2019-04-03 00:00:00+00:00,-1.4914
2019-04-04 00:00:00+00:00,-1.3229
2019-04-05 00:00:00+00:00,-1.3196
2019-04-06 00:00:00+00:00,-1.4969
2019-04-07 00:00:00+00:00,-1.0628
2019-04-08 00:00:00+00:00,-0.8671
2019-04-09 00:00:00+00:00,-1.8491
2019-04-10 00:00:00+00:00,-1.7209
2019-04-11 00:00:00+00:00,-1.2174
2019-04-12 00:00:00+00:00,-1.3601
2019-04-13 00:00:00+00:00,-1.4802
2019-04-14 00:00:00+00:00,-0.4136
2019-04-15 00:00:00+00:00,-0.62
2019-04-16 00:00:00+00:00,-1.3139
2019-04-17 00:00:00+00:00,-1.3677
2019-04-18 00:00:00+00:00,-1.8609
2019-04-19 00:00:00+00:00,-1.7481
2019-04-20 00:00:00+00:00,-1.5748
2019-04-21 00:00:00+00:00,-1.3983
2019-04-22 00:00:00+00:00,-0.5984
2019-04-23 00:00:00+00:00,-0.6075
2019-04-24 00:00:00+00:00,-0.5022
2019-04-25 00:00:00+00:00,-1.2661
2019-04-26 00:00:00+00:00,-1.4236
2019-04-27 00:00:00+00:00,-1.2965
2019-04-28 00:00:00+00:00,-1.5535
2019-04-29 00:00:00+00:00,-1.0192
2019-04-30 00:00:00+00:00,-0.344
2019-09-01 00:00:00+00:00,-1.9154
2019-09-02 00:00:00+00:00,-1.4962
2019-09-03 00:00:00+00:00,-2.6797
2019-09-04 00:00:00+00:00,-1.2364
2019-09-05 00:00:00+00:00,-2.8741
2019-09-06 00:00:00+00:00,-2.0455
2019-09-07 00:00:00+00:00,-3.1669
2019-09-08 00:00:00+00:00,-2.3178
2019-09-09 00:00:00+00:00,-1.5399
2019-09-10 00:00:00+00:00,-2.0363
2019-09-11 00:00:00+00:00,-1.2064
2019-09-12 00:00:00+00:00,-2.0372
2019-09-13 00:00:00+00:00,-1.773
2019-09-14 00:00:00+00:00,-0.7324
2019-09-15 00:00:00+00:00,-1.4845
2019-09-16 00:00:00+00:00,-1.2016
2019-09-17 00:00:00+00:00,-1.2186
2019-09-18 00:00:00+00:00,-0.556
2019-09-19 00:00:00+00:00,-0.4912
2019-09-20 00:00:00+00:00,-0.707
2019-09-21 00:00:00+00:00,-3.8463
2019-09-22 00:00:00+00:00,-2.1935
2019-09-23 00:00:00+00:00,-1.283
2019-09-24 00:00:00+00:00,-1.0
2019-09-25 00:00:00+00:00,-2.6675
2019-09-26 00:00:00+00:00,-1.1205
2019-09-27 00:00:00+00:00,-1.3784
2019-09-28 00:00:00+00:00,-1.7291
2019-09-29 00:00:00+00:00,-1.5099
2019-09-30 00:00:00+00:00,-1.47
2019-02-01 00:00:00+00:00,-3.0223
2019-02-02 00:00:00+00:00,-3.3308
2019-02-03 00:00:00+00:00,-3.3291
2019-02-04 00:00:00+00:00,-1.7267
2019-02-05 00:00:00+00:00,-1.2176
2019-02-06 00:00:00+00:00,-1.3843
2019-02-07 00:00:00+00:00,-1.1868
2019-02-08 00:00:00+00:00,-2.0072
2019-02-09 00:00:00+00:00,-2.1508
2019-02-10 00:00:00+00:00,-2.2916
2019-02-11 00:00:00+00:00,-1.8813
2019-02-12 00:00:00+00:00,-1.4843
2019-02-13 00:00:00+00:00,-2.6334
2019-02-14 00:00:00+00:00,-3.6773
2019-02-15 00:00:00+00:00,-1.5395
2019-02-16 00:00:00+00:00,-3.1691
2019-02-17 00:00:00+00:00,-1.5022
2019-02-18 00:00:00+00:00,-2.2052
2019-02-19 00:00:00+00:00,-1.1999
2019-02-20 00:00:00+00:00,-2.1351
2019-02-21 00:00:00+00:00,-2.1094
2019-02-22 00:00:00+00:00,-1.8271
2019-02-23 00:00:00+00:00,-2.2023
2019-02-24 00:00:00+00:00,-1.163
2019-02-25 00:00:00+00:00,-1.312
2019-02-26 00:00:00+00:00,-2.6765
2019-02-27 00:00:00+00:00,-1.9174
2019-02-28 00:00:00+00:00,-1.4515
2019-10-01 00:00:00+00:00,-1.368
2019-10-02 00:00:00+00:00,-0.4724
2019-10-03 00:00:00+00:00,-2.0074
2019-10-04 00:00:00+00:00,-0.9598
2019-10-05 00:00:00+00:00,-1.1622
2019-10-06 00:00:00+00:00,-2.637
2019-10-07 00:00:00+00:00,-1.8515
2019-10-08 00:00:00+00:00,-1.6571
2019-10-09 00:00:00+00:00,-1.5612
2019-10-10 00:00:00+00:00,-1.05
2019-10-11 00:00:00+00:00,-1.9044
2019-10-12 00:00:00+00:00,-1.1606
2019-10-13 00:00:00+00:00,-1.4477
2019-10-14 00:00:00+00:00,-0.3796
2019-10-15 00:00:00+00:00,-2.1949
2019-10-16 00:00:00+00:00,-1.7176
2019-10-17 00:00:00+00:00,-1.6735
2019-10-18 00:00:00+00:00,-1.3944
2019-10-19 00:00:00+00:00,-0.6126
2019-10-20 00:00:00+00:00,-1.2607
2019-10-21 00:00:00+00:00,-1.1966
2019-10-22 00:00:00+00:00,-1.7029
2019-10-23 00:00:00+00:00,-2.1788
2019-10-24 00:00:00+00:00,-2.1992
2019-10-25 00:00:00+00:00,-1.0786
2019-10-26 00:00:00+00:00,-1.392
2019-10-27 00:00:00+00:00,-1.3413
2019-10-28 00:00:00+00:00,-2.0651
2019-10-29 00:00:00+00:00,-2.2177
2019-10-30 00:00:00+00:00,-0.9886
2019-10-31 00:00:00+00:00,-1.0258
2019-08-01 00:00:00+00:00,-1.7554
2019-08-02 00:00:00+00:00,-1.4162
2019-08-03 00:00:00+00:00,-0.434
2019-08-04 00:00:00+00:00,-1.6159
2019-08-05 00:00:00+00:00,-1.6752
2019-08-06 00:00:00+00:00,-1.5353
2019-08-07 00:00:00+00:00,-2.0741
2019-08-08 00:00:00+00:00,-1.5996
2019-08-09 00:00:00+00:00,-1.0049
2019-08-10 00:00:00+00:00,-1.7111
2019-08-11 00:00:00+00:00,-1.2871
2019-08-12 00:00:00+00:00,-1.4003
2019-08-13 00:00:00+00:00,-1.35
2019-08-14 00:00:00+00:00,-1.3565
2019-08-15 00:00:00+00:00,-1.0588
2019-08-16 00:00:00+00:00,-1.7516
2019-08-17 00:00:00+00:00,0.1048
2019-08-18 00:00:00+00:00,-1.8865
2019-08-19 00:00:00+00:00,-1.4419
2019-08-20 00:00:00+00:00,-1.5869
2019-08-21 00:00:00+00:00,-1.772
2019-08-22 00:00:00+00:00,-1.4216
2019-08-23 00:00:00+00:00,-0.7938
2019-08-24 00:00:00+00:00,-0.1285
2019-08-25 00:00:00+00:00,-0.4564
2019-08-26 00:00:00+00:00,-0.7018
2019-08-27 00:00:00+00:00,-0.7257
2019-08-28 00:00:00+00:00,-1.3923
2019-08-29 00:00:00+00:00,-2.0973
2019-08-30 00:00:00+00:00,-2.7536
2019-08-31 00:00:00+00:00,-1.1574
2019-07-01 00:00:00+00:00,-0.8026
2019-07-02 00:00:00+00:00,-1.3399
2019-07-03 00:00:00+00:00,-1.1019
2019-07-04 00:00:00+00:00,-1.3307
2019-07-05 00:00:00+00:00,-1.4836
2019-07-06 00:00:00+00:00,-0.2815
2019-07-07 00:00:00+00:00,-1.0934
2019-07-08 00:00:00+00:00,-1.3413
2019-07-09 00:00:00+00:00,-1.5737
2019-07-10 00:00:00+00:00,-1.1352
2019-07-11 00:00:00+00:00,-1.3001
2019-07-12 00:00:00+00:00,-1.2517
2019-07-13 00:00:00+00:00,-1.5483
2019-07-14 00:00:00+00:00,-0.1964
2019-07-15 00:00:00+00:00,-2.2071
2019-07-16 00:00:00+00:00,-1.2644
2019-07-17 00:00:00+00:00,-2.9557
2019-07-18 00:00:00+00:00,-1.1553
2019-07-19 00:00:00+00:00,-2.0202
2019-07-20 00:00:00+00:00,-1.9843
2019-07-21 00:00:00+00:00,-1.2499
2019-07-22 00:00:00+00:00,-0.3837
2019-07-23 00:00:00+00:00,-0.9802
2019-07-24 00:00:00+00:00,-1.7946
2019-07-25 00:00:00+00:00,-2.4864
2019-07-26 00:00:00+00:00,-1.9311
2019-07-27 00:00:00+00:00,-1.0919
2019-07-28 00:00:00+00:00,0.4888
2019-07-29 00:00:00+00:00,-1.5235
2019-07-30 00:00:00+00:00,-1.8949
2019-07-31 00:00:00+00:00,-1.4185
2019-03-01 00:00:00+00:00,-1.2159
2019-03-02 00:00:00+00:00,-1.1967
2019-03-03 00:00:00+00:00,-2.3502
2019-03-04 00:00:00+00:00,-2.2648
2019-03-05 00:00:00+00:00,-1.5027
2019-03-06 00:00:00+00:00,-1.8485
2019-03-07 00:00:00+00:00,-1.4539
2019-03-08 00:00:00+00:00,-1.2659
2019-03-09 00:00:00+00:00,-1.1943
2019-03-10 00:00:00+00:00,-1.2534
2019-03-11 00:00:00+00:00,-1.0857
2019-03-12 00:00:00+00:00,-0.5752
2019-03-13 00:00:00+00:00,-1.7659
2019-03-14 00:00:00+00:00,-1.5065
2019-03-15 00:00:00+00:00,-3.2264
2019-03-16 00:00:00+00:00,-3.7143
2019-03-17 00:00:00+00:00,-2.4743
2019-03-18 00:00:00+00:00,-1.7985
2019-03-19 00:00:00+00:00,-1.2037
2019-03-20 00:00:00+00:00,-1.809
2019-03-21 00:00:00+00:00,-1.1185
2019-03-22 00:00:00+00:00,-0.6399
2019-03-23 00:00:00+00:00,-2.098
2019-03-24 00:00:00+00:00,-1.5248
2019-03-25 00:00:00+00:00,-1.2396
2019-03-26 00:00:00+00:00,-1.6406
2019-03-27 00:00:00+00:00,-1.9635
2019-03-28 00:00:00+00:00,-2.8016
2019-03-29 00:00:00+00:00,-1.7252
2019-03-30 00:00:00+00:00,-0.9304
2019-03-31 00:00:00+00:00,-1.0323
2019-11-01 00:00:00+00:00,-1.9291
2019-11-02 00:00:00+00:00,-2.415
2019-11-03 00:00:00+00:00,-2.2904
2019-11-04 00:00:00+00:00,-1.9998
2019-11-05 00:00:00+00:00,-1.4429
2019-11-06 00:00:00+00:00,-1.6381
2019-11-07 00:00:00+00:00,-1.0071
2019-11-08 00:00:00+00:00,-2.6433
2019-11-09 00:00:00+00:00,-2.6683
2019-11-10 00:00:00+00:00,-1.0991
2019-11-11 00:00:00+00:00,-0.7366
2019-11-12 00:00:00+00:00,-1.1162
2019-11-13 00:00:00+00:00,-1.4138
2019-11-14 00:00:00+00:00,-1.9989
2019-11-15 00:00:00+00:00,-1.1684
2019-11-16 00:00:00+00:00,-1.5102
2019-11-17 00:00:00+00:00,-1.4504
2019-11-18 00:00:00+00:00,-2.1652
2019-11-19 00:00:00+00:00,-1.5821
2019-11-20 00:00:00+00:00,-1.4679
2019-11-21 00:00:00+00:00,-1.2476
2019-11-22 00:00:00+00:00,-1.9483
2019-11-23 00:00:00+00:00,-2.3456
2019-11-24 00:00:00+00:00,-1.4801
2019-11-25 00:00:00+00:00,-1.8173
2019-11-26 00:00:00+00:00,-1.8155
2019-11-27 00:00:00+00:00,-1.17
2019-11-28 00:00:00+00:00,-1.638
2019-11-29 00:00:00+00:00,-1.0268
2019-11-30 00:00:00+00:00,-0.9668
2019-01-01 00:00:00+00:00,-1.2361
2019-01-02 00:00:00+00:00,-2.3105
2019-01-03 00:00:00+00:00,-1.5788
2019-01-04 00:00:00+00:00,-1.8655
2019-01-05 00:00:00+00:00,-2.0607
2019-01-06 00:00:00+00:00,-0.6794
2019-01-07 00:00:00+00:00,-1.0081
2019-01-08 00:00:00+00:00,-1.9959
2019-01-09 00:00:00+00:00,-2.1491
2019-01-10 00:00:00+00:00,-1.9192
2019-01-11 00:00:00+00:00,-1.9914
2019-01-12 00:00:00+00:00,-2.0096
2019-01-13 00:00:00+00:00,-1.4139
2019-01-14 00:00:00+00:00,-1.1185
2019-01-15 00:00:00+00:00,-3.079
2019-01-16 00:00:00+00:00,-2.4942
2019-01-17 00:00:00+00:00,-1.1294
2019-01-18 00:00:00+00:00,-1.6656
2019-01-19 00:00:00+00:00,-0.7361
2019-01-20 00:00:00+00:00,-1.6255
2019-01-21 00:00:00+00:00,-1.7753
2019-01-22 00:00:00+00:00,-1.9086
2019-01-23 00:00:00+00:00,-1.312
2019-01-24 00:00:00+00:00,-2.1093
2019-01-25 00:00:00+00:00,-1.7166
2019-01-26 00:00:00+00:00,-3.0439
2019-01-27 00:00:00+00:00,-2.0795
2019-01-28 00:00:00+00:00,-1.3901
2019-01-29 00:00:00+00:00,-0.9573
2019-01-30 00:00:00+00:00,-1.4231
2019-01-31 00:00:00+00:00,-2.1426
2019-05-01 00:00:00+00:00,-0.9203
2019-05-02 00:00:00+00:00,-1.3309
2019-05-03 00:00:00+00:00,-1.5794
2019-05-04 00:00:00+00:00,-0.5782
2019-05-05 00:00:00+00:00,-1.0589
2019-05-06 00:00:00+00:00,-0.7768
2019-05-07 00:00:00+00:00,-1.0307
2019-05-08 00:00:00+00:00,-0.7398
2019-05-09 00:00:00+00:00,0.0538
2019-05-10 00:00:00+00:00,-1.7026
2019-05-11 00:00:00+00:00,-1.5179
2019-05-12 00:00:00+00:00,-0.9875
2019-05-13 00:00:00+00:00,-0.9775
2019-05-14 00:00:00+00:00,-0.5906
2019-05-15 00:00:00+00:00,-0.842
2019-05-16 00:00:00+00:00,-1.7331
2019-05-17 00:00:00+00:00,-1.3284
2019-05-18 00:00:00+00:00,0.3236
2019-05-19 00:00:00+00:00,-1.5175
2019-05-20 00:00:00+00:00,-0.3733
2019-05-21 00:00:00+00:00,-1.6829
2019-05-22 00:00:00+00:00,-0.6335
2019-05-23 00:00:00+00:00,-0.4222
2019-05-24 00:00:00+00:00,-0.5308
2019-05-25 00:00:00+00:00,-2.4459
2019-05-26 00:00:00+00:00,-1.7231
2019-05-27 00:00:00+00:00,-1.6293
2019-05-28 00:00:00+00:00,-0.9426
2019-05-29 00:00:00+00:00,-0.1794
2019-05-30 00:00:00+00:00,-0.7056
2019-05-31 00:00:00+00:00,-1.3565
2019-12-01 00:00:00+00:00,-1.4152
2019-12-02 00:00:00+00:00,-2.1707
2019-12-03 00:00:00+00:00,-1.6272
2019-12-04 00:00:00+00:00,-0.9857
2019-12-05 00:00:00+00:00,-1.327
2019-12-06 00:00:00+00:00,-1.1546
2019-12-07 00:00:00+00:00,-1.0183
2019-12-08 00:00:00+00:00,-1.4796
2019-12-09 00:00:00+00:00,-0.9826
2019-12-10 00:00:00+00:00,-1.1822
2019-12-11 00:00:00+00:00,-1.6642
2019-12-12 00:00:00+00:00,-1.4088
2019-12-13 00:00:00+00:00,-1.1569
2019-12-14 00:00:00+00:00,-1.6335
2019-12-15 00:00:00+00:00,-0.6197
2019-12-16 00:00:00+00:00,-0.3245
2019-12-17 00:00:00+00:00,-1.9318
2019-12-18 00:00:00+00:00,-1.9949
2019-12-19 00:00:00+00:00,-0.4636
2019-12-20 00:00:00+00:00,0.5298
2019-12-21 00:00:00+00:00,-0.7539
2019-12-22 00:00:00+00:00,-0.7152
2019-12-23 00:00:00+00:00,-1.2838
2019-12-24 00:00:00+00:00,-1.0163
2019-12-25 00:00:00+00:00,-1.4764
2019-12-26 00:00:00+00:00,-1.5049
2019-12-27 00:00:00+00:00,-0.5156
2019-12-28 00:00:00+00:00,-2.0192
2019-12-29 00:00:00+00:00,-3.017
2019-12-30 00:00:00+00:00,-1.6778
2019-12-31 00:00:00+00:00,-0.3034
