datetime,Article Count,All Articles
2017-06-01 00:00:00+00:00,210,744295
2017-06-02 00:00:00+00:00,168,724843
2017-06-03 00:00:00+00:00,181,451564
2017-06-04 00:00:00+00:00,73,429682
2017-06-05 00:00:00+00:00,239,703607
2017-06-06 00:00:00+00:00,141,736228
2017-06-07 00:00:00+00:00,112,735573
2017-06-08 00:00:00+00:00,165,768985
2017-06-09 00:00:00+00:00,89,770400
2017-06-10 00:00:00+00:00,38,434080
2017-06-11 00:00:00+00:00,46,430541
2017-06-12 00:00:00+00:00,113,680435
2017-06-13 00:00:00+00:00,126,735151
2017-06-14 00:00:00+00:00,243,788289
2017-06-15 00:00:00+00:00,333,762286
2017-06-16 00:00:00+00:00,310,716460
2017-06-17 00:00:00+00:00,107,440916
2017-06-18 00:00:00+00:00,79,439922
2017-06-19 00:00:00+00:00,182,689443
2017-06-20 00:00:00+00:00,294,712433
2017-06-21 00:00:00+00:00,407,760797
2017-06-22 00:00:00+00:00,288,711096
2017-06-23 00:00:00+00:00,233,658889
2017-06-24 00:00:00+00:00,187,467374
2017-06-25 00:00:00+00:00,95,372431
2017-06-26 00:00:00+00:00,263,603267
2017-06-27 00:00:00+00:00,1184,576105
2017-06-28 00:00:00+00:00,1850,617148
2017-06-29 00:00:00+00:00,566,564835
2017-06-30 00:00:00+00:00,371,585683
2017-04-01 00:00:00+00:00,371,492104
2017-04-02 00:00:00+00:00,95,451222
2017-04-03 00:00:00+00:00,191,752077
2017-04-04 00:00:00+00:00,188,803101
2017-04-05 00:00:00+00:00,173,828653
2017-04-06 00:00:00+00:00,263,806340
2017-04-07 00:00:00+00:00,176,812309
2017-04-08 00:00:00+00:00,85,498778
2017-04-09 00:00:00+00:00,56,465133
2017-04-10 00:00:00+00:00,151,760184
2017-04-11 00:00:00+00:00,198,823150
2017-04-12 00:00:00+00:00,144,818751
2017-04-13 00:00:00+00:00,364,804729
2017-04-14 00:00:00+00:00,373,604707
2017-04-15 00:00:00+00:00,167,466894
2017-04-16 00:00:00+00:00,43,433510
2017-04-17 00:00:00+00:00,122,638778
2017-04-18 00:00:00+00:00,341,784482
2017-04-19 00:00:00+00:00,237,747158
2017-04-20 00:00:00+00:00,169,796608
2017-04-21 00:00:00+00:00,173,772343
2017-04-22 00:00:00+00:00,367,457279
2017-04-23 00:00:00+00:00,226,433977
2017-04-24 00:00:00+00:00,449,712864
2017-04-25 00:00:00+00:00,353,802345
2017-04-26 00:00:00+00:00,257,796260
2017-04-27 00:00:00+00:00,302,825698
2017-04-28 00:00:00+00:00,174,752542
2017-04-29 00:00:00+00:00,74,493023
2017-04-30 00:00:00+00:00,59,427499
2017-09-01 00:00:00+00:00,146,579761
2017-09-02 00:00:00+00:00,90,417828
2017-09-03 00:00:00+00:00,68,375844
2017-09-04 00:00:00+00:00,76,537094
2017-09-05 00:00:00+00:00,115,610794
2017-09-06 00:00:00+00:00,162,683987
2017-09-07 00:00:00+00:00,193,668171
2017-09-08 00:00:00+00:00,134,647998
2017-09-09 00:00:00+00:00,95,429960
2017-09-10 00:00:00+00:00,168,411500
2017-09-11 00:00:00+00:00,167,643116
2017-09-12 00:00:00+00:00,123,698020
2017-09-13 00:00:00+00:00,148,679735
2017-09-14 00:00:00+00:00,247,684334
2017-09-15 00:00:00+00:00,200,568382
2017-09-16 00:00:00+00:00,43,408913
2017-09-17 00:00:00+00:00,96,402122
2017-09-18 00:00:00+00:00,216,626067
2017-09-19 00:00:00+00:00,143,676489
2017-09-20 00:00:00+00:00,226,698366
2017-09-21 00:00:00+00:00,262,697649
2017-09-22 00:00:00+00:00,230,605271
2017-09-23 00:00:00+00:00,134,443473
2017-09-24 00:00:00+00:00,68,384082
2017-09-25 00:00:00+00:00,132,651733
2017-09-26 00:00:00+00:00,151,652905
2017-09-27 00:00:00+00:00,213,622285
2017-09-28 00:00:00+00:00,122,652886
2017-09-29 00:00:00+00:00,144,597897
2017-09-30 00:00:00+00:00,111,387916
2017-02-01 00:00:00+00:00,490,877514
2017-02-02 00:00:00+00:00,720,878535
2017-02-03 00:00:00+00:00,985,849054
2017-02-04 00:00:00+00:00,252,547610
2017-02-05 00:00:00+00:00,354,489387
2017-02-06 00:00:00+00:00,494,810397
2017-02-07 00:00:00+00:00,453,886593
2017-02-08 00:00:00+00:00,425,908408
2017-02-09 00:00:00+00:00,298,895654
2017-02-10 00:00:00+00:00,246,851022
2017-02-11 00:00:00+00:00,140,535178
2017-02-12 00:00:00+00:00,131,501551
2017-02-13 00:00:00+00:00,239,828201
2017-02-14 00:00:00+00:00,339,888105
2017-02-15 00:00:00+00:00,941,902442
2017-02-16 00:00:00+00:00,617,899621
2017-02-17 00:00:00+00:00,672,845037
2017-02-18 00:00:00+00:00,523,546303
2017-02-19 00:00:00+00:00,246,492129
2017-02-20 00:00:00+00:00,542,770453
2017-02-21 00:00:00+00:00,473,863510
2017-02-22 00:00:00+00:00,387,896676
2017-02-23 00:00:00+00:00,306,882237
2017-02-24 00:00:00+00:00,194,831927
2017-02-25 00:00:00+00:00,85,537968
2017-02-26 00:00:00+00:00,166,490789
2017-02-27 00:00:00+00:00,205,801362
2017-02-28 00:00:00+00:00,162,845987
2017-10-01 00:00:00+00:00,32,348336
2017-10-02 00:00:00+00:00,246,580615
2017-10-03 00:00:00+00:00,94,657347
2017-10-04 00:00:00+00:00,108,589476
2017-10-05 00:00:00+00:00,189,655879
2017-10-06 00:00:00+00:00,299,575176
2017-10-07 00:00:00+00:00,122,415685
2017-10-08 00:00:00+00:00,79,387895
2017-10-09 00:00:00+00:00,272,641327
2017-10-10 00:00:00+00:00,206,635922
2017-10-11 00:00:00+00:00,405,675532
2017-10-12 00:00:00+00:00,169,684010
2017-10-13 00:00:00+00:00,171,661628
2017-10-14 00:00:00+00:00,82,415407
2017-10-15 00:00:00+00:00,41,408069
2017-10-16 00:00:00+00:00,102,601534
2017-10-17 00:00:00+00:00,120,719074
2017-10-18 00:00:00+00:00,121,645581
2017-10-19 00:00:00+00:00,151,706615
2017-10-20 00:00:00+00:00,132,705739
2017-10-21 00:00:00+00:00,58,420431
2017-10-22 00:00:00+00:00,44,426803
2017-10-23 00:00:00+00:00,111,691172
2017-10-24 00:00:00+00:00,191,701093
2017-10-25 00:00:00+00:00,871,707073
2017-10-26 00:00:00+00:00,599,748252
2017-10-27 00:00:00+00:00,299,662645
2017-10-28 00:00:00+00:00,162,430856
2017-10-29 00:00:00+00:00,102,402275
2017-10-30 00:00:00+00:00,420,648194
2017-10-31 00:00:00+00:00,282,713776
2017-08-01 00:00:00+00:00,341,645817
2017-08-02 00:00:00+00:00,215,690524
2017-08-03 00:00:00+00:00,192,638560
2017-08-04 00:00:00+00:00,147,635373
2017-08-05 00:00:00+00:00,77,397022
2017-08-06 00:00:00+00:00,62,361365
2017-08-07 00:00:00+00:00,151,616868
2017-08-08 00:00:00+00:00,153,644359
2017-08-09 00:00:00+00:00,212,649714
2017-08-10 00:00:00+00:00,143,577925
2017-08-11 00:00:00+00:00,104,577369
2017-08-12 00:00:00+00:00,65,407685
2017-08-13 00:00:00+00:00,192,361785
2017-08-14 00:00:00+00:00,175,560000
2017-08-15 00:00:00+00:00,269,640227
2017-08-16 00:00:00+00:00,216,639190
2017-08-17 00:00:00+00:00,170,658802
2017-08-18 00:00:00+00:00,123,570503
2017-08-19 00:00:00+00:00,118,422148
2017-08-20 00:00:00+00:00,41,369867
2017-08-21 00:00:00+00:00,120,597743
2017-08-22 00:00:00+00:00,183,611343
2017-08-23 00:00:00+00:00,262,650017
2017-08-24 00:00:00+00:00,114,265654
2017-08-25 00:00:00+00:00,165,538796
2017-08-26 00:00:00+00:00,59,435928
2017-08-27 00:00:00+00:00,42,383250
2017-08-28 00:00:00+00:00,214,390043
2017-08-29 00:00:00+00:00,200,670206
2017-08-30 00:00:00+00:00,252,682102
2017-08-31 00:00:00+00:00,114,587787
2017-07-01 00:00:00+00:00,607,396436
2017-07-02 00:00:00+00:00,178,371913
2017-07-03 00:00:00+00:00,223,556226
2017-07-04 00:00:00+00:00,222,540275
2017-07-05 00:00:00+00:00,266,528369
2017-07-06 00:00:00+00:00,222,595517
2017-07-07 00:00:00+00:00,445,566311
2017-07-08 00:00:00+00:00,567,403913
2017-07-09 00:00:00+00:00,221,376723
2017-07-10 00:00:00+00:00,254,552863
2017-07-11 00:00:00+00:00,360,610662
2017-07-12 00:00:00+00:00,172,628745
2017-07-13 00:00:00+00:00,238,582384
2017-07-14 00:00:00+00:00,166,559190
2017-07-15 00:00:00+00:00,95,375192
2017-07-16 00:00:00+00:00,89,341556
2017-07-17 00:00:00+00:00,211,559265
2017-07-18 00:00:00+00:00,540,580912
2017-07-19 00:00:00+00:00,356,630581
2017-07-20 00:00:00+00:00,306,584050
2017-07-21 00:00:00+00:00,344,553851
2017-07-22 00:00:00+00:00,243,402609
2017-07-23 00:00:00+00:00,148,355763
2017-07-24 00:00:00+00:00,497,591647
2017-07-25 00:00:00+00:00,417,649693
2017-07-26 00:00:00+00:00,446,607441
2017-07-27 00:00:00+00:00,244,622922
2017-07-28 00:00:00+00:00,221,607879
2017-07-29 00:00:00+00:00,106,438089
2017-07-30 00:00:00+00:00,83,399877
2017-07-31 00:00:00+00:00,185,630566
2017-03-01 00:00:00+00:00,201,891852
2017-03-02 00:00:00+00:00,167,884489
2017-03-03 00:00:00+00:00,204,826318
2017-03-04 00:00:00+00:00,121,534735
2017-03-05 00:00:00+00:00,164,482946
2017-03-06 00:00:00+00:00,312,814270
2017-03-07 00:00:00+00:00,190,877288
2017-03-08 00:00:00+00:00,235,875771
2017-03-09 00:00:00+00:00,229,884687
2017-03-10 00:00:00+00:00,185,841988
2017-03-11 00:00:00+00:00,70,532499
2017-03-12 00:00:00+00:00,70,478177
2017-03-13 00:00:00+00:00,294,774347
2017-03-14 00:00:00+00:00,234,846836
2017-03-15 00:00:00+00:00,218,856685
2017-03-16 00:00:00+00:00,397,892032
2017-03-17 00:00:00+00:00,321,824348
2017-03-18 00:00:00+00:00,88,504221
2017-03-19 00:00:00+00:00,61,447313
2017-03-20 00:00:00+00:00,242,722253
2017-03-21 00:00:00+00:00,327,817880
2017-03-22 00:00:00+00:00,645,810708
2017-03-23 00:00:00+00:00,1176,773991
2017-03-24 00:00:00+00:00,550,763095
2017-03-25 00:00:00+00:00,162,488516
2017-03-26 00:00:00+00:00,176,451618
2017-03-27 00:00:00+00:00,237,715700
2017-03-28 00:00:00+00:00,487,813645
2017-03-29 00:00:00+00:00,330,862935
2017-03-30 00:00:00+00:00,277,849617
2017-03-31 00:00:00+00:00,478,802523
2017-11-01 00:00:00+00:00,179,705234
2017-11-02 00:00:00+00:00,106,680334
2017-11-03 00:00:00+00:00,150,696481
2017-11-04 00:00:00+00:00,59,426894
2017-11-05 00:00:00+00:00,65,393052
2017-11-06 00:00:00+00:00,138,659873
2017-11-07 00:00:00+00:00,155,733233
2017-11-08 00:00:00+00:00,226,708394
2017-11-09 00:00:00+00:00,149,730383
2017-11-10 00:00:00+00:00,235,687141
2017-11-11 00:00:00+00:00,80,426572
2017-11-12 00:00:00+00:00,114,402133
2017-11-13 00:00:00+00:00,139,682491
2017-11-14 00:00:00+00:00,200,734872
2017-11-15 00:00:00+00:00,228,742764
2017-11-16 00:00:00+00:00,153,630736
2017-11-17 00:00:00+00:00,209,676637
2017-11-18 00:00:00+00:00,138,409283
2017-11-19 00:00:00+00:00,79,387959
2017-11-20 00:00:00+00:00,163,644099
2017-11-21 00:00:00+00:00,130,719406
2017-11-22 00:00:00+00:00,139,667079
2017-11-23 00:00:00+00:00,112,575169
2017-11-24 00:00:00+00:00,188,594491
2017-11-25 00:00:00+00:00,191,376547
2017-11-26 00:00:00+00:00,54,377487
2017-11-27 00:00:00+00:00,136,599212
2017-11-28 00:00:00+00:00,190,713850
2017-11-29 00:00:00+00:00,289,726734
2017-11-30 00:00:00+00:00,203,702677
2017-01-01 00:00:00+00:00,75,427906
2017-01-02 00:00:00+00:00,129,592774
2017-01-03 00:00:00+00:00,204,757916
2017-01-04 00:00:00+00:00,195,822862
2017-01-05 00:00:00+00:00,200,830028
2017-01-06 00:00:00+00:00,161,766969
2017-01-07 00:00:00+00:00,134,520691
2017-01-08 00:00:00+00:00,119,488784
2017-01-09 00:00:00+00:00,138,813487
2017-01-10 00:00:00+00:00,273,884856
2017-01-11 00:00:00+00:00,333,879968
2017-01-12 00:00:00+00:00,301,873198
2017-01-13 00:00:00+00:00,330,847105
2017-01-14 00:00:00+00:00,197,538257
2017-01-15 00:00:00+00:00,105,485270
2017-01-16 00:00:00+00:00,424,778396
2017-01-17 00:00:00+00:00,416,872725
2017-01-18 00:00:00+00:00,337,903497
2017-01-19 00:00:00+00:00,401,897136
2017-01-20 00:00:00+00:00,173,840244
2017-01-21 00:00:00+00:00,82,542714
2017-01-22 00:00:00+00:00,72,507306
2017-01-23 00:00:00+00:00,161,816816
2017-01-24 00:00:00+00:00,386,882520
2017-01-25 00:00:00+00:00,182,888646
2017-01-26 00:00:00+00:00,179,850165
2017-01-27 00:00:00+00:00,308,814253
2017-01-28 00:00:00+00:00,480,540104
2017-01-29 00:00:00+00:00,516,492134
2017-01-30 00:00:00+00:00,230,800343
2017-01-31 00:00:00+00:00,519,866957
2017-05-01 00:00:00+00:00,73,600759
2017-05-02 00:00:00+00:00,316,713808
2017-05-03 00:00:00+00:00,277,776343
2017-05-04 00:00:00+00:00,257,683863
2017-05-05 00:00:00+00:00,212,630955
2017-05-06 00:00:00+00:00,195,455760
2017-05-07 00:00:00+00:00,454,426317
2017-05-08 00:00:00+00:00,262,679107
2017-05-09 00:00:00+00:00,253,708355
2017-05-10 00:00:00+00:00,202,728743
2017-05-11 00:00:00+00:00,460,715973
2017-05-12 00:00:00+00:00,768,716059
2017-05-13 00:00:00+00:00,2581,462677
2017-05-14 00:00:00+00:00,1961,421261
2017-05-15 00:00:00+00:00,1299,692695
2017-05-16 00:00:00+00:00,409,744883
2017-05-17 00:00:00+00:00,265,751132
2017-05-18 00:00:00+00:00,232,810482
2017-05-19 00:00:00+00:00,239,750116
2017-05-20 00:00:00+00:00,102,473050
2017-05-21 00:00:00+00:00,85,397009
2017-05-22 00:00:00+00:00,149,703101
2017-05-23 00:00:00+00:00,137,773334
2017-05-24 00:00:00+00:00,144,720427
2017-05-25 00:00:00+00:00,221,727556
2017-05-26 00:00:00+00:00,211,712604
2017-05-27 00:00:00+00:00,231,489464
2017-05-28 00:00:00+00:00,284,448928
2017-05-29 00:00:00+00:00,542,605486
2017-05-30 00:00:00+00:00,327,661069
2017-05-31 00:00:00+00:00,204,745257
2017-12-03 00:00:00+00:00,79,347532
2017-12-04 00:00:00+00:00,99,603840
2017-12-05 00:00:00+00:00,109,665504
2017-12-06 00:00:00+00:00,147,669094
2017-12-07 00:00:00+00:00,206,682878
2017-12-08 00:00:00+00:00,221,645343
2017-12-09 00:00:00+00:00,85,392702
2017-12-10 00:00:00+00:00,69,386041
2017-12-11 00:00:00+00:00,112,562684
2017-12-12 00:00:00+00:00,143,668426
2017-12-13 00:00:00+00:00,133,711463
2017-12-14 00:00:00+00:00,235,680273
2017-12-15 00:00:00+00:00,170,611220
2017-12-16 00:00:00+00:00,62,367642
2017-12-17 00:00:00+00:00,63,354372
2017-12-18 00:00:00+00:00,198,568589
2017-12-19 00:00:00+00:00,155,618096
2017-12-20 00:00:00+00:00,145,611544
2017-12-21 00:00:00+00:00,233,635258
2017-12-22 00:00:00+00:00,165,577086
2017-12-23 00:00:00+00:00,136,405042
2017-12-24 00:00:00+00:00,77,351541
2017-12-25 00:00:00+00:00,84,347346
2017-12-26 00:00:00+00:00,115,440947
2017-12-27 00:00:00+00:00,253,519620
2017-12-28 00:00:00+00:00,180,561053
2017-12-29 00:00:00+00:00,91,524027
2017-12-30 00:00:00+00:00,68,362344
2017-12-31 00:00:00+00:00,59,323669
2020-06-01 00:00:00+00:00,184,433839
2020-06-02 00:00:00+00:00,197,471823
2020-06-03 00:00:00+00:00,226,486796
2020-06-04 00:00:00+00:00,151,479129
2020-06-05 00:00:00+00:00,102,464145
2020-06-06 00:00:00+00:00,70,291667
2020-06-07 00:00:00+00:00,76,264279
2020-06-08 00:00:00+00:00,108,436728
2020-06-09 00:00:00+00:00,126,479708
2020-06-10 00:00:00+00:00,121,486910
2020-06-11 00:00:00+00:00,110,468401
2020-06-12 00:00:00+00:00,162,452304
2020-06-13 00:00:00+00:00,94,289242
2020-06-14 00:00:00+00:00,46,266262
2020-06-15 00:00:00+00:00,199,449543
2020-06-16 00:00:00+00:00,463,487519
2020-06-17 00:00:00+00:00,522,495416
2020-06-18 00:00:00+00:00,168,487914
2020-06-19 00:00:00+00:00,229,463897
2020-06-20 00:00:00+00:00,56,297573
2020-06-21 00:00:00+00:00,75,263932
2020-06-22 00:00:00+00:00,147,441632
2020-06-23 00:00:00+00:00,182,482729
2020-06-24 00:00:00+00:00,122,479839
2020-06-25 00:00:00+00:00,157,469812
2020-06-26 00:00:00+00:00,159,438483
2020-06-27 00:00:00+00:00,89,282680
2020-06-28 00:00:00+00:00,66,273022
2020-06-29 00:00:00+00:00,181,435214
2020-06-30 00:00:00+00:00,186,484577
2020-04-01 00:00:00+00:00,132,526181
2020-04-02 00:00:00+00:00,81,526650
2020-04-03 00:00:00+00:00,99,489506
2020-04-04 00:00:00+00:00,44,314741
2020-04-05 00:00:00+00:00,51,278845
2020-04-06 00:00:00+00:00,121,466453
2020-04-07 00:00:00+00:00,120,502840
2020-04-08 00:00:00+00:00,139,505760
2020-04-09 00:00:00+00:00,154,491531
2020-04-10 00:00:00+00:00,92,429373
2020-04-11 00:00:00+00:00,52,296128
2020-04-12 00:00:00+00:00,56,265057
2020-04-13 00:00:00+00:00,105,406443
2020-04-14 00:00:00+00:00,95,489924
2020-04-15 00:00:00+00:00,105,501959
2020-04-16 00:00:00+00:00,156,509304
2020-04-17 00:00:00+00:00,158,480693
2020-04-18 00:00:00+00:00,134,304292
2020-04-19 00:00:00+00:00,105,275929
2020-04-20 00:00:00+00:00,196,449779
2020-04-21 00:00:00+00:00,183,493907
2020-04-22 00:00:00+00:00,143,508327
2020-04-23 00:00:00+00:00,185,511941
2020-04-24 00:00:00+00:00,151,485132
2020-04-25 00:00:00+00:00,113,302795
2020-04-26 00:00:00+00:00,76,280277
2020-04-27 00:00:00+00:00,154,458976
2020-04-28 00:00:00+00:00,151,498612
2020-04-29 00:00:00+00:00,136,501705
2020-04-30 00:00:00+00:00,413,505330
2020-09-01 00:00:00+00:00,126,455789
2020-09-02 00:00:00+00:00,174,461034
2020-09-03 00:00:00+00:00,124,459474
2020-09-04 00:00:00+00:00,121,436602
2020-09-05 00:00:00+00:00,94,275673
2020-09-06 00:00:00+00:00,127,254272
2020-09-07 00:00:00+00:00,244,382487
2020-09-08 00:00:00+00:00,124,438052
2020-09-09 00:00:00+00:00,311,462015
2020-09-10 00:00:00+00:00,217,455784
2020-09-11 00:00:00+00:00,127,424760
2020-09-12 00:00:00+00:00,71,276843
2020-09-13 00:00:00+00:00,65,251070
2020-09-14 00:00:00+00:00,125,423935
2020-09-15 00:00:00+00:00,187,457180
2020-09-16 00:00:00+00:00,175,456138
2020-09-17 00:00:00+00:00,194,459629
2020-09-18 00:00:00+00:00,86,430145
2020-09-19 00:00:00+00:00,175,275172
2020-09-20 00:00:00+00:00,52,245868
2020-09-21 00:00:00+00:00,127,427896
2020-09-22 00:00:00+00:00,131,464430
2020-09-23 00:00:00+00:00,172,481093
2020-09-24 00:00:00+00:00,146,421483
2020-09-25 00:00:00+00:00,124,368896
2020-09-26 00:00:00+00:00,64,211944
2020-09-27 00:00:00+00:00,50,224211
2020-09-28 00:00:00+00:00,118,352269
2020-09-29 00:00:00+00:00,273,382841
2020-09-30 00:00:00+00:00,231,391497
2020-02-01 00:00:00+00:00,95,289147
2020-02-02 00:00:00+00:00,55,273834
2020-02-03 00:00:00+00:00,206,447476
2020-02-04 00:00:00+00:00,239,499684
2020-02-05 00:00:00+00:00,289,511196
2020-02-06 00:00:00+00:00,174,491612
2020-02-07 00:00:00+00:00,145,474142
2020-02-08 00:00:00+00:00,112,298624
2020-02-09 00:00:00+00:00,88,271405
2020-02-10 00:00:00+00:00,273,465754
2020-02-11 00:00:00+00:00,388,495183
2020-02-12 00:00:00+00:00,272,511160
2020-02-13 00:00:00+00:00,243,507117
2020-02-14 00:00:00+00:00,291,472746
2020-02-15 00:00:00+00:00,233,295457
2020-02-16 00:00:00+00:00,105,261090
2020-02-17 00:00:00+00:00,239,417604
2020-02-18 00:00:00+00:00,318,470059
2020-02-19 00:00:00+00:00,246,497697
2020-02-20 00:00:00+00:00,187,502783
2020-02-21 00:00:00+00:00,425,473278
2020-02-22 00:00:00+00:00,110,295604
2020-02-23 00:00:00+00:00,192,268100
2020-02-24 00:00:00+00:00,312,441285
2020-02-25 00:00:00+00:00,192,490807
2020-02-26 00:00:00+00:00,362,501963
2020-02-27 00:00:00+00:00,205,503140
2020-02-28 00:00:00+00:00,147,474977
2020-10-01 00:00:00+00:00,160,409202
2020-10-02 00:00:00+00:00,121,364205
2020-10-03 00:00:00+00:00,36,189612
2020-10-04 00:00:00+00:00,48,193400
2020-10-05 00:00:00+00:00,103,306294
2020-10-06 00:00:00+00:00,119,342434
2020-10-07 00:00:00+00:00,90,338152
2020-10-08 00:00:00+00:00,107,355434
2020-10-09 00:00:00+00:00,37,139836
2020-10-10 00:00:00+00:00,50,279311
2020-10-11 00:00:00+00:00,35,227376
2020-10-12 00:00:00+00:00,85,291710
2020-10-13 00:00:00+00:00,113,318111
2020-10-14 00:00:00+00:00,213,295346
2020-10-15 00:00:00+00:00,85,268774
2020-10-16 00:00:00+00:00,55,120244
2020-10-17 00:00:00+00:00,47,199788
2020-10-18 00:00:00+00:00,50,190519
2020-10-19 00:00:00+00:00,41,111249
2020-10-21 00:00:00+00:00,361,252439
2020-10-22 00:00:00+00:00,115,218535
2020-10-23 00:00:00+00:00,115,95334
2020-10-24 00:00:00+00:00,31,93479
2020-10-25 00:00:00+00:00,93,141061
2020-10-26 00:00:00+00:00,86,228806
2020-10-27 00:00:00+00:00,74,223872
2020-10-28 00:00:00+00:00,86,245728
2020-10-29 00:00:00+00:00,64,190672
2020-10-30 00:00:00+00:00,32,115063
2020-10-31 00:00:00+00:00,11,69573
2020-08-01 00:00:00+00:00,61,273130
2020-08-02 00:00:00+00:00,53,245217
2020-08-03 00:00:00+00:00,88,405490
2020-08-04 00:00:00+00:00,145,441535
2020-08-05 00:00:00+00:00,154,446742
2020-08-06 00:00:00+00:00,625,454036
2020-08-07 00:00:00+00:00,231,433829
2020-08-08 00:00:00+00:00,84,275032
2020-08-09 00:00:00+00:00,139,253836
2020-08-10 00:00:00+00:00,210,415995
2020-08-11 00:00:00+00:00,93,446609
2020-08-12 00:00:00+00:00,185,447774
2020-08-13 00:00:00+00:00,247,452575
2020-08-14 00:00:00+00:00,132,420848
2020-08-15 00:00:00+00:00,147,268982
2020-08-16 00:00:00+00:00,74,251144
2020-08-17 00:00:00+00:00,109,410906
2020-08-18 00:00:00+00:00,204,450250
2020-08-19 00:00:00+00:00,209,451905
2020-08-20 00:00:00+00:00,168,454529
2020-08-21 00:00:00+00:00,159,427804
2020-08-22 00:00:00+00:00,90,273253
2020-08-23 00:00:00+00:00,129,253893
2020-08-24 00:00:00+00:00,152,415026
2020-08-25 00:00:00+00:00,160,455853
2020-08-26 00:00:00+00:00,163,460525
2020-08-27 00:00:00+00:00,117,457788
2020-08-28 00:00:00+00:00,138,431340
2020-08-29 00:00:00+00:00,93,274180
2020-08-30 00:00:00+00:00,63,243328
2020-08-31 00:00:00+00:00,81,419437
2020-07-01 00:00:00+00:00,140,483273
2020-07-02 00:00:00+00:00,106,461931
2020-07-03 00:00:00+00:00,143,422390
2020-07-04 00:00:00+00:00,104,274545
2020-07-05 00:00:00+00:00,111,256706
2020-07-06 00:00:00+00:00,221,424766
2020-07-07 00:00:00+00:00,150,471886
2020-07-08 00:00:00+00:00,137,481871
2020-07-09 00:00:00+00:00,180,476175
2020-07-10 00:00:00+00:00,188,445608
2020-07-11 00:00:00+00:00,73,280746
2020-07-12 00:00:00+00:00,136,258307
2020-07-13 00:00:00+00:00,154,431002
2020-07-14 00:00:00+00:00,156,465925
2020-07-15 00:00:00+00:00,146,483461
2020-07-16 00:00:00+00:00,211,473482
2020-07-17 00:00:00+00:00,199,442260
2020-07-18 00:00:00+00:00,164,281635
2020-07-19 00:00:00+00:00,42,254798
2020-07-20 00:00:00+00:00,192,426520
2020-07-21 00:00:00+00:00,124,458273
2020-07-22 00:00:00+00:00,100,468056
2020-07-23 00:00:00+00:00,301,458666
2020-07-24 00:00:00+00:00,90,433123
2020-07-25 00:00:00+00:00,57,273661
2020-07-26 00:00:00+00:00,154,254449
2020-07-27 00:00:00+00:00,319,421989
2020-07-28 00:00:00+00:00,198,454275
2020-07-29 00:00:00+00:00,200,456878
2020-07-30 00:00:00+00:00,328,461352
2020-07-31 00:00:00+00:00,184,427294
2020-03-01 00:00:00+00:00,72,270517
2020-03-02 00:00:00+00:00,113,458450
2020-03-03 00:00:00+00:00,96,495271
2020-03-04 00:00:00+00:00,111,511285
2020-03-05 00:00:00+00:00,196,506407
2020-03-06 00:00:00+00:00,273,478147
2020-03-07 00:00:00+00:00,59,300639
2020-03-08 00:00:00+00:00,188,276178
2020-03-09 00:00:00+00:00,360,452224
2020-03-10 00:00:00+00:00,150,491836
2020-03-11 00:00:00+00:00,137,512593
2020-03-12 00:00:00+00:00,167,538498
2020-03-13 00:00:00+00:00,140,502203
2020-03-14 00:00:00+00:00,90,314890
2020-03-15 00:00:00+00:00,254,303076
2020-03-16 00:00:00+00:00,231,494418
2020-03-17 00:00:00+00:00,202,528913
2020-03-18 00:00:00+00:00,190,542500
2020-03-19 00:00:00+00:00,106,535707
2020-03-20 00:00:00+00:00,81,518601
2020-03-21 00:00:00+00:00,44,329009
2020-03-22 00:00:00+00:00,67,302307
2020-03-23 00:00:00+00:00,98,496911
2020-03-24 00:00:00+00:00,158,528786
2020-03-25 00:00:00+00:00,135,527870
2020-03-26 00:00:00+00:00,116,533637
2020-03-27 00:00:00+00:00,110,511780
2020-03-28 00:00:00+00:00,63,318590
2020-03-29 00:00:00+00:00,58,294367
2020-03-30 00:00:00+00:00,104,494278
2020-03-31 00:00:00+00:00,99,536528
2020-11-01 00:00:00+00:00,28,104263
2020-11-02 00:00:00+00:00,35,195941
2020-11-03 00:00:00+00:00,62,169311
2020-11-04 00:00:00+00:00,53,205079
2020-11-05 00:00:00+00:00,34,150371
2020-11-06 00:00:00+00:00,24,73645
2020-11-07 00:00:00+00:00,17,40463
2020-11-08 00:00:00+00:00,37,70970
2020-11-09 00:00:00+00:00,54,189990
2020-11-10 00:00:00+00:00,33,128611
2020-11-11 00:00:00+00:00,44,151080
2020-11-12 00:00:00+00:00,36,126882
2020-11-13 00:00:00+00:00,9,34096
2020-11-14 00:00:00+00:00,4,10407
2020-11-15 00:00:00+00:00,6,41258
2020-11-16 00:00:00+00:00,32,165302
2020-11-17 00:00:00+00:00,72,148073
2020-11-18 00:00:00+00:00,99,447979
2020-11-19 00:00:00+00:00,118,463572
2020-11-20 00:00:00+00:00,164,442626
2020-11-21 00:00:00+00:00,82,278317
2020-11-22 00:00:00+00:00,28,246932
2020-11-23 00:00:00+00:00,85,411141
2020-11-24 00:00:00+00:00,111,448919
2020-11-25 00:00:00+00:00,135,447213
2020-11-26 00:00:00+00:00,152,406221
2020-11-27 00:00:00+00:00,154,385161
2020-11-28 00:00:00+00:00,83,260516
2020-11-29 00:00:00+00:00,89,245823
2020-11-30 00:00:00+00:00,119,404039
2020-01-01 00:00:00+00:00,115,262970
2020-01-02 00:00:00+00:00,244,389269
2020-01-03 00:00:00+00:00,126,415807
2020-01-04 00:00:00+00:00,162,289977
2020-01-05 00:00:00+00:00,124,271749
2020-01-06 00:00:00+00:00,259,431339
2020-01-07 00:00:00+00:00,220,474951
2020-01-08 00:00:00+00:00,205,492966
2020-01-09 00:00:00+00:00,210,504706
2020-01-10 00:00:00+00:00,519,484072
2020-01-11 00:00:00+00:00,215,311598
2020-01-12 00:00:00+00:00,307,263262
2020-01-13 00:00:00+00:00,162,456148
2020-01-14 00:00:00+00:00,143,488114
2020-01-15 00:00:00+00:00,115,496143
2020-01-16 00:00:00+00:00,189,501155
2020-01-17 00:00:00+00:00,148,471810
2020-01-18 00:00:00+00:00,70,292937
2020-01-19 00:00:00+00:00,96,271248
2020-01-20 00:00:00+00:00,165,434444
2020-01-21 00:00:00+00:00,155,480181
2020-01-22 00:00:00+00:00,183,497108
2020-01-23 00:00:00+00:00,263,483015
2020-01-24 00:00:00+00:00,340,443329
2020-01-25 00:00:00+00:00,273,292319
2020-01-26 00:00:00+00:00,199,261248
2020-01-27 00:00:00+00:00,309,430001
2020-01-28 00:00:00+00:00,259,455152
2020-01-29 00:00:00+00:00,240,456667
2020-01-30 00:00:00+00:00,241,481598
2020-01-31 00:00:00+00:00,186,459885
2020-05-01 00:00:00+00:00,154,400582
2020-05-02 00:00:00+00:00,100,290042
2020-05-03 00:00:00+00:00,88,268470
2020-05-04 00:00:00+00:00,121,433281
2020-05-05 00:00:00+00:00,178,478705
2020-05-06 00:00:00+00:00,138,497321
2020-05-07 00:00:00+00:00,158,497932
2020-05-08 00:00:00+00:00,158,477019
2020-05-09 00:00:00+00:00,90,310997
2020-05-10 00:00:00+00:00,77,270463
2020-05-11 00:00:00+00:00,95,441496
2020-05-12 00:00:00+00:00,95,490850
2020-05-13 00:00:00+00:00,124,497828
2020-05-14 00:00:00+00:00,163,494390
2020-05-15 00:00:00+00:00,166,461984
2020-05-16 00:00:00+00:00,86,300044
2020-05-17 00:00:00+00:00,141,265906
2020-05-18 00:00:00+00:00,296,435546
2020-05-19 00:00:00+00:00,147,487475
2020-05-20 00:00:00+00:00,152,497600
2020-05-21 00:00:00+00:00,151,461285
2020-05-22 00:00:00+00:00,149,444681
2020-05-23 00:00:00+00:00,49,282782
2020-05-24 00:00:00+00:00,41,251831
2020-05-25 00:00:00+00:00,98,373645
2020-05-26 00:00:00+00:00,143,449894
2020-05-27 00:00:00+00:00,90,486726
2020-05-28 00:00:00+00:00,121,501271
2020-05-29 00:00:00+00:00,100,474432
2020-05-30 00:00:00+00:00,59,299101
2020-05-31 00:00:00+00:00,65,270905
2020-12-01 00:00:00+00:00,210,445234
2020-12-02 00:00:00+00:00,109,451967
2020-12-03 00:00:00+00:00,133,449534
2020-12-04 00:00:00+00:00,278,423831
2020-12-05 00:00:00+00:00,170,269516
2020-12-06 00:00:00+00:00,172,244888
2020-12-07 00:00:00+00:00,239,399530
2020-12-08 00:00:00+00:00,221,434832
2020-12-09 00:00:00+00:00,116,453379
2020-12-10 00:00:00+00:00,127,451106
2020-12-11 00:00:00+00:00,142,432311
2020-12-12 00:00:00+00:00,95,279784
2020-12-13 00:00:00+00:00,83,242656
2020-12-14 00:00:00+00:00,133,388462
2020-12-15 00:00:00+00:00,152,433473
2020-12-16 00:00:00+00:00,116,435856
2020-12-17 00:00:00+00:00,184,433762
2020-12-18 00:00:00+00:00,142,408678
2020-12-19 00:00:00+00:00,33,261458
2020-12-20 00:00:00+00:00,79,235551
2020-12-21 00:00:00+00:00,114,380622
2020-12-22 00:00:00+00:00,125,402524
2020-12-23 00:00:00+00:00,101,396345
2020-12-24 00:00:00+00:00,110,330134
2020-12-25 00:00:00+00:00,78,237628
2020-12-26 00:00:00+00:00,44,211666
2020-12-27 00:00:00+00:00,47,218056
2020-12-28 00:00:00+00:00,97,339509
2020-12-29 00:00:00+00:00,182,368946
2020-12-30 00:00:00+00:00,120,370147
2020-12-31 00:00:00+00:00,137,321992
2022-06-01 00:00:00+00:00,4515,349356
2022-06-02 00:00:00+00:00,4350,338784
2022-06-03 00:00:00+00:00,4583,302121
2022-06-04 00:00:00+00:00,2844,198531
2022-06-05 00:00:00+00:00,2191,177976
2022-06-06 00:00:00+00:00,3629,297964
2022-06-07 00:00:00+00:00,4374,332633
2022-06-08 00:00:00+00:00,4898,342004
2022-06-09 00:00:00+00:00,3880,342172
2022-06-10 00:00:00+00:00,3565,324489
2022-06-11 00:00:00+00:00,2655,202229
2022-06-12 00:00:00+00:00,2564,187061
2022-06-13 00:00:00+00:00,3369,309089
2022-06-14 00:00:00+00:00,3486,344980
2022-06-15 00:00:00+00:00,4463,350509
2022-06-16 00:00:00+00:00,3993,342247
2022-06-17 00:00:00+00:00,3342,327516
2022-06-18 00:00:00+00:00,2096,203639
2022-06-19 00:00:00+00:00,2017,191407
2022-06-20 00:00:00+00:00,3453,300689
2022-06-21 00:00:00+00:00,3581,330727
2022-06-22 00:00:00+00:00,3286,342014
2022-06-23 00:00:00+00:00,3742,339349
2022-06-24 00:00:00+00:00,3171,319979
2022-06-25 00:00:00+00:00,2184,203761
2022-06-26 00:00:00+00:00,2299,183333
2022-06-27 00:00:00+00:00,3862,308531
2022-06-28 00:00:00+00:00,3659,335644
2022-06-29 00:00:00+00:00,4154,339438
2022-06-30 00:00:00+00:00,3583,345960
2022-04-01 00:00:00+00:00,7776,347526
2022-04-02 00:00:00+00:00,5532,223991
2022-04-03 00:00:00+00:00,5066,201800
2022-04-04 00:00:00+00:00,6837,325907
2022-04-05 00:00:00+00:00,7336,342429
2022-04-06 00:00:00+00:00,7281,358744
2022-04-07 00:00:00+00:00,6768,361189
2022-04-08 00:00:00+00:00,6926,344498
2022-04-09 00:00:00+00:00,4337,221965
2022-04-10 00:00:00+00:00,4020,192679
2022-04-11 00:00:00+00:00,6368,325625
2022-04-12 00:00:00+00:00,6851,351083
2022-04-13 00:00:00+00:00,7917,347113
2022-04-14 00:00:00+00:00,6656,338583
2022-04-15 00:00:00+00:00,5373,286621
2022-04-16 00:00:00+00:00,3599,202176
2022-04-17 00:00:00+00:00,3735,184221
2022-04-18 00:00:00+00:00,5392,280605
2022-04-19 00:00:00+00:00,6660,338946
2022-04-20 00:00:00+00:00,6635,353275
2022-04-21 00:00:00+00:00,6484,354960
2022-04-22 00:00:00+00:00,5462,332372
2022-04-23 00:00:00+00:00,4028,218025
2022-04-24 00:00:00+00:00,3665,207563
2022-04-25 00:00:00+00:00,5300,314070
2022-04-26 00:00:00+00:00,6587,355023
2022-04-27 00:00:00+00:00,6397,361486
2022-04-28 00:00:00+00:00,6474,360299
2022-04-29 00:00:00+00:00,5543,343685
2022-04-30 00:00:00+00:00,3993,216369
2022-09-01 00:00:00+00:00,2613,320567
2022-09-02 00:00:00+00:00,2405,293251
2022-09-03 00:00:00+00:00,1441,181172
2022-09-04 00:00:00+00:00,1579,168850
2022-09-05 00:00:00+00:00,2348,265087
2022-09-06 00:00:00+00:00,2665,307461
2022-09-07 00:00:00+00:00,2823,322285
2022-09-08 00:00:00+00:00,2395,330214
2022-09-09 00:00:00+00:00,2083,302233
2022-09-10 00:00:00+00:00,1441,193173
2022-09-11 00:00:00+00:00,1698,168675
2022-09-12 00:00:00+00:00,2369,281605
2022-09-13 00:00:00+00:00,2366,321534
2022-09-14 00:00:00+00:00,2347,320704
2022-09-15 00:00:00+00:00,2744,320866
2022-09-16 00:00:00+00:00,2904,298083
2022-09-17 00:00:00+00:00,1667,187196
2022-09-18 00:00:00+00:00,1347,162340
2022-09-19 00:00:00+00:00,2353,284847
2022-09-20 00:00:00+00:00,3554,308540
2022-09-21 00:00:00+00:00,4078,307396
2022-09-22 00:00:00+00:00,3632,305478
2022-09-23 00:00:00+00:00,3350,297175
2022-09-24 00:00:00+00:00,2008,190854
2022-09-25 00:00:00+00:00,1882,172469
2022-09-26 00:00:00+00:00,2611,288492
2022-09-27 00:00:00+00:00,2930,302719
2022-09-28 00:00:00+00:00,3075,307736
2022-09-29 00:00:00+00:00,2994,322433
2022-09-30 00:00:00+00:00,3820,307481
2022-02-01 00:00:00+00:00,3275,350519
2022-02-02 00:00:00+00:00,2923,356034
2022-02-03 00:00:00+00:00,2631,356601
2022-02-04 00:00:00+00:00,2872,336205
2022-02-05 00:00:00+00:00,2001,221761
2022-02-06 00:00:00+00:00,2286,201336
2022-02-07 00:00:00+00:00,3322,321429
2022-02-08 00:00:00+00:00,3650,364934
2022-02-09 00:00:00+00:00,2897,372974
2022-02-10 00:00:00+00:00,3074,378488
2022-02-11 00:00:00+00:00,3736,351823
2022-02-12 00:00:00+00:00,4749,224659
2022-02-13 00:00:00+00:00,3167,191923
2022-02-14 00:00:00+00:00,6102,335252
2022-02-15 00:00:00+00:00,6747,359677
2022-02-16 00:00:00+00:00,5900,367311
2022-02-17 00:00:00+00:00,5370,358080
2022-02-18 00:00:00+00:00,5323,348377
2022-02-19 00:00:00+00:00,4406,222598
2022-02-20 00:00:00+00:00,3385,199600
2022-02-21 00:00:00+00:00,6431,319194
2022-02-22 00:00:00+00:00,11716,361226
2022-02-23 00:00:00+00:00,10560,365179
2022-02-24 00:00:00+00:00,26955,386066
2022-02-25 00:00:00+00:00,21804,360034
2022-02-26 00:00:00+00:00,13071,237676
2022-02-27 00:00:00+00:00,12436,214606
2022-02-28 00:00:00+00:00,19963,334893
2022-10-01 00:00:00+00:00,2171,192306
2022-10-02 00:00:00+00:00,1669,166376
2022-10-03 00:00:00+00:00,2541,275727
2022-10-04 00:00:00+00:00,2664,295166
2022-10-05 00:00:00+00:00,2744,300221
2022-10-06 00:00:00+00:00,2663,294110
2022-10-07 00:00:00+00:00,3751,281388
2022-10-08 00:00:00+00:00,2342,183911
2022-10-09 00:00:00+00:00,1976,168561
2022-10-10 00:00:00+00:00,3685,276211
2022-10-11 00:00:00+00:00,4477,311607
2022-10-12 00:00:00+00:00,3539,317454
2022-10-13 00:00:00+00:00,3794,317869
2022-10-14 00:00:00+00:00,2906,292614
2022-10-15 00:00:00+00:00,2030,187582
2022-10-16 00:00:00+00:00,1491,167826
2022-10-17 00:00:00+00:00,3155,293798
2022-10-18 00:00:00+00:00,3156,308645
2022-10-19 00:00:00+00:00,2965,322529
2022-10-20 00:00:00+00:00,3060,321430
2022-10-21 00:00:00+00:00,2805,301790
2022-10-22 00:00:00+00:00,1474,179589
2022-10-23 00:00:00+00:00,1535,156398
2022-10-24 00:00:00+00:00,2582,280361
2022-10-25 00:00:00+00:00,3013,312975
2022-10-26 00:00:00+00:00,2748,314064
2022-10-27 00:00:00+00:00,3201,311772
2022-10-28 00:00:00+00:00,2464,296473
2022-10-29 00:00:00+00:00,1896,177538
2022-10-30 00:00:00+00:00,1676,162010
2022-10-31 00:00:00+00:00,3135,282128
2022-08-01 00:00:00+00:00,3484,287100
2022-08-02 00:00:00+00:00,2842,311578
2022-08-03 00:00:00+00:00,3523,318092
2022-08-04 00:00:00+00:00,3542,320332
2022-08-05 00:00:00+00:00,3003,303936
2022-08-06 00:00:00+00:00,1842,192105
2022-08-07 00:00:00+00:00,1878,168473
2022-08-08 00:00:00+00:00,3229,282167
2022-08-09 00:00:00+00:00,2850,312403
2022-08-10 00:00:00+00:00,2930,316066
2022-08-11 00:00:00+00:00,2926,310892
2022-08-12 00:00:00+00:00,2262,295605
2022-08-13 00:00:00+00:00,1581,186485
2022-08-14 00:00:00+00:00,1363,160372
2022-08-15 00:00:00+00:00,1874,253689
2022-08-16 00:00:00+00:00,2815,304582
2022-08-17 00:00:00+00:00,2215,301311
2022-08-18 00:00:00+00:00,2845,310842
2022-08-19 00:00:00+00:00,2535,287179
2022-08-20 00:00:00+00:00,1764,184959
2022-08-21 00:00:00+00:00,2128,157433
2022-08-22 00:00:00+00:00,2899,278875
2022-08-23 00:00:00+00:00,3254,310239
2022-08-24 00:00:00+00:00,4099,312470
2022-08-25 00:00:00+00:00,2748,316120
2022-08-26 00:00:00+00:00,2657,298166
2022-08-27 00:00:00+00:00,1601,183513
2022-08-28 00:00:00+00:00,1496,165444
2022-08-29 00:00:00+00:00,2658,283308
2022-08-30 00:00:00+00:00,2454,309740
2022-08-31 00:00:00+00:00,2546,317340
2022-07-01 00:00:00+00:00,3338,317063
2022-07-02 00:00:00+00:00,1525,191421
2022-07-03 00:00:00+00:00,1918,175508
2022-07-04 00:00:00+00:00,2796,271611
2022-07-05 00:00:00+00:00,3200,313541
2022-07-06 00:00:00+00:00,2976,326946
2022-07-07 00:00:00+00:00,3295,331079
2022-07-08 00:00:00+00:00,2982,315489
2022-07-09 00:00:00+00:00,2109,194187
2022-07-10 00:00:00+00:00,1846,170102
2022-07-11 00:00:00+00:00,2487,290863
2022-07-12 00:00:00+00:00,3047,322289
2022-07-13 00:00:00+00:00,3438,327682
2022-07-14 00:00:00+00:00,3699,329508
2022-07-15 00:00:00+00:00,3107,313185
2022-07-16 00:00:00+00:00,2133,195079
2022-07-17 00:00:00+00:00,1611,174851
2022-07-18 00:00:00+00:00,2839,297027
2022-07-19 00:00:00+00:00,3275,324463
2022-07-20 00:00:00+00:00,3563,326073
2022-07-21 00:00:00+00:00,3877,326963
2022-07-22 00:00:00+00:00,4018,304026
2022-07-23 00:00:00+00:00,2439,188203
2022-07-24 00:00:00+00:00,1909,166797
2022-07-25 00:00:00+00:00,3247,291395
2022-07-26 00:00:00+00:00,3194,320916
2022-07-27 00:00:00+00:00,3316,325681
2022-07-28 00:00:00+00:00,3234,324137
2022-07-29 00:00:00+00:00,3428,303231
2022-07-30 00:00:00+00:00,1939,186855
2022-07-31 00:00:00+00:00,1329,168632
2022-03-01 00:00:00+00:00,19369,363562
2022-03-02 00:00:00+00:00,20049,372492
2022-03-03 00:00:00+00:00,17914,367530
2022-03-04 00:00:00+00:00,16397,347695
2022-03-05 00:00:00+00:00,11013,234698
2022-03-06 00:00:00+00:00,10971,202424
2022-03-07 00:00:00+00:00,15835,323264
2022-03-08 00:00:00+00:00,13764,360858
2022-03-09 00:00:00+00:00,14516,365943
2022-03-10 00:00:00+00:00,15206,367382
2022-03-11 00:00:00+00:00,13329,350637
2022-03-12 00:00:00+00:00,7877,228939
2022-03-13 00:00:00+00:00,8246,203455
2022-03-14 00:00:00+00:00,13249,330700
2022-03-15 00:00:00+00:00,13371,364753
2022-03-16 00:00:00+00:00,12434,361447
2022-03-17 00:00:00+00:00,11173,361101
2022-03-18 00:00:00+00:00,9767,331343
2022-03-19 00:00:00+00:00,7005,214661
2022-03-20 00:00:00+00:00,6649,193698
2022-03-21 00:00:00+00:00,10349,327006
2022-03-22 00:00:00+00:00,9065,354803
2022-03-23 00:00:00+00:00,8859,362106
2022-03-24 00:00:00+00:00,11446,362216
2022-03-25 00:00:00+00:00,9094,338936
2022-03-26 00:00:00+00:00,6282,222133
2022-03-27 00:00:00+00:00,5992,198122
2022-03-28 00:00:00+00:00,9141,336495
2022-03-29 00:00:00+00:00,11697,365474
2022-03-30 00:00:00+00:00,9252,363619
2022-03-31 00:00:00+00:00,8822,369275
2022-11-01 00:00:00+00:00,2769,290922
2022-11-02 00:00:00+00:00,2573,302413
2022-11-03 00:00:00+00:00,3063,305585
2022-11-04 00:00:00+00:00,2402,287557
2022-11-05 00:00:00+00:00,1465,162216
2022-11-06 00:00:00+00:00,1343,166754
2022-11-07 00:00:00+00:00,2592,281263
2022-11-08 00:00:00+00:00,2550,306702
2022-11-09 00:00:00+00:00,2175,327495
2022-11-10 00:00:00+00:00,2746,288809
2022-11-11 00:00:00+00:00,407,34797
2022-11-12 00:00:00+00:00,2013,193140
2022-11-13 00:00:00+00:00,1493,165166
2022-11-14 00:00:00+00:00,2828,290251
2022-11-15 00:00:00+00:00,4142,316797
2022-11-16 00:00:00+00:00,4843,320652
2022-11-17 00:00:00+00:00,3478,321268
2022-11-18 00:00:00+00:00,2708,302368
2022-11-19 00:00:00+00:00,1614,190672
2022-11-20 00:00:00+00:00,1568,170315
2022-11-21 00:00:00+00:00,2281,284147
2022-11-22 00:00:00+00:00,2197,304500
2022-11-23 00:00:00+00:00,2292,303719
2022-11-24 00:00:00+00:00,2296,273705
2022-11-25 00:00:00+00:00,2168,261208
2022-11-26 00:00:00+00:00,1337,171364
2022-11-27 00:00:00+00:00,1370,150557
2022-11-28 00:00:00+00:00,2136,279657
2022-11-29 00:00:00+00:00,2611,308618
2022-11-30 00:00:00+00:00,2206,314152
2022-01-01 00:00:00+00:00,399,149414
2022-01-02 00:00:00+00:00,216,161094
2022-01-03 00:00:00+00:00,693,265545
2022-01-04 00:00:00+00:00,822,333148
2022-01-05 00:00:00+00:00,604,348263
2022-01-06 00:00:00+00:00,524,332107
2022-01-07 00:00:00+00:00,725,324847
2022-01-08 00:00:00+00:00,446,217492
2022-01-09 00:00:00+00:00,467,183683
2022-01-10 00:00:00+00:00,1067,330918
2022-01-11 00:00:00+00:00,822,363627
2022-01-12 00:00:00+00:00,1076,371547
2022-01-13 00:00:00+00:00,1166,376142
2022-01-14 00:00:00+00:00,1198,354941
2022-01-15 00:00:00+00:00,685,220429
2022-01-16 00:00:00+00:00,1097,203402
2022-01-17 00:00:00+00:00,1012,311847
2022-01-18 00:00:00+00:00,1561,361664
2022-01-19 00:00:00+00:00,2119,382479
2022-01-20 00:00:00+00:00,3219,380848
2022-01-21 00:00:00+00:00,2948,347880
2022-01-22 00:00:00+00:00,1720,225195
2022-01-23 00:00:00+00:00,1791,199935
2022-01-24 00:00:00+00:00,4217,339974
2022-01-25 00:00:00+00:00,5262,368348
2022-01-26 00:00:00+00:00,5004,371141
2022-01-27 00:00:00+00:00,3869,374110
2022-01-28 00:00:00+00:00,3879,354026
2022-01-29 00:00:00+00:00,1975,228536
2022-01-30 00:00:00+00:00,2464,202093
2022-01-31 00:00:00+00:00,3184,317480
2022-05-01 00:00:00+00:00,4311,188197
2022-05-02 00:00:00+00:00,5268,270111
2022-05-03 00:00:00+00:00,5166,316283
2022-05-04 00:00:00+00:00,5073,315546
2022-05-05 00:00:00+00:00,5973,339716
2022-05-06 00:00:00+00:00,5193,328667
2022-05-07 00:00:00+00:00,3466,210121
2022-05-08 00:00:00+00:00,3848,187563
2022-05-09 00:00:00+00:00,6203,316210
2022-05-10 00:00:00+00:00,5163,344717
2022-05-11 00:00:00+00:00,5367,355962
2022-05-12 00:00:00+00:00,5297,356379
2022-05-13 00:00:00+00:00,4533,334329
2022-05-14 00:00:00+00:00,3491,210020
2022-05-15 00:00:00+00:00,3293,188127
2022-05-16 00:00:00+00:00,4787,322256
2022-05-17 00:00:00+00:00,5087,351298
2022-05-18 00:00:00+00:00,5743,355699
2022-05-19 00:00:00+00:00,5577,345454
2022-05-20 00:00:00+00:00,4242,334078
2022-05-21 00:00:00+00:00,2982,209408
2022-05-22 00:00:00+00:00,2867,188239
2022-05-23 00:00:00+00:00,5404,317549
2022-05-24 00:00:00+00:00,5723,346990
2022-05-25 00:00:00+00:00,4958,352954
2022-05-26 00:00:00+00:00,4402,338601
2022-05-27 00:00:00+00:00,3866,321489
2022-05-28 00:00:00+00:00,2737,199571
2022-05-29 00:00:00+00:00,2502,177459
2022-05-30 00:00:00+00:00,4821,290681
2022-05-31 00:00:00+00:00,4510,330609
2022-12-01 00:00:00+00:00,2657,312330
2022-12-02 00:00:00+00:00,2466,292950
2022-12-03 00:00:00+00:00,1283,173559
2022-12-04 00:00:00+00:00,1228,156942
2022-12-05 00:00:00+00:00,2301,281428
2022-12-06 00:00:00+00:00,3035,305719
2022-12-07 00:00:00+00:00,2305,313894
2022-12-08 00:00:00+00:00,2382,300585
2022-12-09 00:00:00+00:00,2180,288145
2022-12-10 00:00:00+00:00,1464,180220
2022-12-11 00:00:00+00:00,1286,155005
2022-12-12 00:00:00+00:00,2161,277006
2022-12-13 00:00:00+00:00,1817,306020
2022-12-14 00:00:00+00:00,2008,309803
2022-12-15 00:00:00+00:00,1971,312359
2022-12-16 00:00:00+00:00,2219,288582
2022-12-17 00:00:00+00:00,1304,183832
2022-12-18 00:00:00+00:00,1106,162134
2022-12-19 00:00:00+00:00,2047,268857
2022-12-20 00:00:00+00:00,2256,293918
2022-12-21 00:00:00+00:00,2596,296605
2022-12-22 00:00:00+00:00,2367,287838
2022-12-23 00:00:00+00:00,2055,261269
2022-12-24 00:00:00+00:00,1154,167997
2022-12-25 00:00:00+00:00,1246,132077
2022-12-26 00:00:00+00:00,1961,191725
2022-12-27 00:00:00+00:00,1894,240831
2022-12-28 00:00:00+00:00,2385,254179
2022-12-29 00:00:00+00:00,2660,254727
2022-12-30 00:00:00+00:00,2170,240408
2022-12-31 00:00:00+00:00,1851,169513
2021-06-01 00:00:00+00:00,227,376617
2021-06-02 00:00:00+00:00,250,384568
2021-06-03 00:00:00+00:00,187,381811
2021-06-04 00:00:00+00:00,209,369739
2021-06-05 00:00:00+00:00,134,232348
2021-06-06 00:00:00+00:00,181,213886
2021-06-07 00:00:00+00:00,341,354476
2021-06-08 00:00:00+00:00,198,388002
2021-06-09 00:00:00+00:00,233,392876
2021-06-10 00:00:00+00:00,254,391875
2021-06-11 00:00:00+00:00,277,372657
2021-06-12 00:00:00+00:00,144,231988
2021-06-13 00:00:00+00:00,97,210210
2021-06-14 00:00:00+00:00,309,340462
2021-06-15 00:00:00+00:00,323,388720
2021-06-16 00:00:00+00:00,288,391468
2021-06-17 00:00:00+00:00,292,388809
2021-06-18 00:00:00+00:00,196,366728
2021-06-19 00:00:00+00:00,153,225981
2021-06-20 00:00:00+00:00,72,211344
2021-06-21 00:00:00+00:00,155,350375
2021-06-22 00:00:00+00:00,166,382590
2021-06-23 00:00:00+00:00,450,391285
2021-06-24 00:00:00+00:00,344,386663
2021-06-25 00:00:00+00:00,270,366127
2021-06-26 00:00:00+00:00,78,229660
2021-06-27 00:00:00+00:00,79,212448
2021-06-28 00:00:00+00:00,117,353609
2021-06-29 00:00:00+00:00,163,380027
2021-06-30 00:00:00+00:00,307,393756
2021-04-01 00:00:00+00:00,390,402365
2021-04-02 00:00:00+00:00,439,340309
2021-04-03 00:00:00+00:00,277,232977
2021-04-04 00:00:00+00:00,231,211641
2021-04-05 00:00:00+00:00,374,318343
2021-04-06 00:00:00+00:00,479,397183
2021-04-07 00:00:00+00:00,338,414740
2021-04-08 00:00:00+00:00,459,407848
2021-04-09 00:00:00+00:00,611,390248
2021-04-10 00:00:00+00:00,327,247005
2021-04-11 00:00:00+00:00,487,226188
2021-04-12 00:00:00+00:00,677,380105
2021-04-13 00:00:00+00:00,814,407615
2021-04-14 00:00:00+00:00,761,405065
2021-04-15 00:00:00+00:00,927,408883
2021-04-16 00:00:00+00:00,764,391221
2021-04-17 00:00:00+00:00,435,242394
2021-04-18 00:00:00+00:00,381,222834
2021-04-19 00:00:00+00:00,529,378187
2021-04-20 00:00:00+00:00,758,409399
2021-04-21 00:00:00+00:00,449,403666
2021-04-22 00:00:00+00:00,671,416210
2021-04-23 00:00:00+00:00,540,387641
2021-04-24 00:00:00+00:00,179,246439
2021-04-25 00:00:00+00:00,207,227957
2021-04-26 00:00:00+00:00,457,380105
2021-04-27 00:00:00+00:00,394,403525
2021-04-28 00:00:00+00:00,373,408538
2021-04-29 00:00:00+00:00,355,410524
2021-04-30 00:00:00+00:00,248,379361
2021-09-01 00:00:00+00:00,191,380462
2021-09-02 00:00:00+00:00,237,374522
2021-09-03 00:00:00+00:00,181,351895
2021-09-04 00:00:00+00:00,84,219237
2021-09-05 00:00:00+00:00,175,204550
2021-09-06 00:00:00+00:00,186,308314
2021-09-07 00:00:00+00:00,196,357952
2021-09-08 00:00:00+00:00,163,373728
2021-09-09 00:00:00+00:00,187,373589
2021-09-10 00:00:00+00:00,542,357553
2021-09-11 00:00:00+00:00,126,230006
2021-09-12 00:00:00+00:00,214,206056
2021-09-13 00:00:00+00:00,256,352376
2021-09-14 00:00:00+00:00,159,384076
2021-09-15 00:00:00+00:00,236,384744
2021-09-16 00:00:00+00:00,245,377865
2021-09-17 00:00:00+00:00,164,359295
2021-09-18 00:00:00+00:00,68,236146
2021-09-19 00:00:00+00:00,89,207134
2021-09-20 00:00:00+00:00,214,336223
2021-09-21 00:00:00+00:00,176,361118
2021-09-22 00:00:00+00:00,169,381335
2021-09-23 00:00:00+00:00,182,381061
2021-09-24 00:00:00+00:00,157,358355
2021-09-25 00:00:00+00:00,88,242816
2021-09-26 00:00:00+00:00,109,255235
2021-09-27 00:00:00+00:00,235,384149
2021-09-28 00:00:00+00:00,178,404663
2021-09-29 00:00:00+00:00,181,404109
2021-09-30 00:00:00+00:00,207,401875
2021-02-01 00:00:00+00:00,169,401219
2021-02-02 00:00:00+00:00,138,431507
2021-02-03 00:00:00+00:00,217,433379
2021-02-04 00:00:00+00:00,177,415419
2021-02-05 00:00:00+00:00,175,412610
2021-02-06 00:00:00+00:00,81,259619
2021-02-07 00:00:00+00:00,109,238624
2021-02-08 00:00:00+00:00,152,387385
2021-02-09 00:00:00+00:00,197,426043
2021-02-10 00:00:00+00:00,120,423172
2021-02-11 00:00:00+00:00,174,405330
2021-02-12 00:00:00+00:00,144,383719
2021-02-13 00:00:00+00:00,86,259387
2021-02-14 00:00:00+00:00,60,236759
2021-02-15 00:00:00+00:00,109,353226
2021-02-16 00:00:00+00:00,116,393531
2021-02-17 00:00:00+00:00,172,419319
2021-02-18 00:00:00+00:00,155,428304
2021-02-19 00:00:00+00:00,154,409264
2021-02-20 00:00:00+00:00,97,271186
2021-02-21 00:00:00+00:00,83,232090
2021-02-22 00:00:00+00:00,116,378007
2021-02-23 00:00:00+00:00,153,412579
2021-02-24 00:00:00+00:00,146,427161
2021-02-25 00:00:00+00:00,148,428203
2021-02-26 00:00:00+00:00,211,409406
2021-02-27 00:00:00+00:00,86,259889
2021-02-28 00:00:00+00:00,46,229907
2021-10-01 00:00:00+00:00,181,368440
2021-10-02 00:00:00+00:00,72,237694
2021-10-03 00:00:00+00:00,85,213071
2021-10-04 00:00:00+00:00,187,351991
2021-10-05 00:00:00+00:00,160,381070
2021-10-06 00:00:00+00:00,171,381803
2021-10-07 00:00:00+00:00,197,382699
2021-10-08 00:00:00+00:00,149,368163
2021-10-09 00:00:00+00:00,66,236194
2021-10-10 00:00:00+00:00,71,206244
2021-10-11 00:00:00+00:00,254,336346
2021-10-12 00:00:00+00:00,225,375436
2021-10-13 00:00:00+00:00,233,384284
2021-10-14 00:00:00+00:00,213,380497
2021-10-15 00:00:00+00:00,205,356676
2021-10-16 00:00:00+00:00,87,215792
2021-10-17 00:00:00+00:00,141,192232
2021-10-18 00:00:00+00:00,205,343989
2021-10-19 00:00:00+00:00,224,379717
2021-10-20 00:00:00+00:00,229,385492
2021-10-21 00:00:00+00:00,257,387433
2021-10-22 00:00:00+00:00,188,367549
2021-10-23 00:00:00+00:00,79,225010
2021-10-24 00:00:00+00:00,190,196661
2021-10-25 00:00:00+00:00,243,346567
2021-10-26 00:00:00+00:00,263,376112
2021-10-27 00:00:00+00:00,230,382700
2021-10-28 00:00:00+00:00,193,381980
2021-10-29 00:00:00+00:00,300,365897
2021-10-30 00:00:00+00:00,118,229379
2021-10-31 00:00:00+00:00,100,213512
2021-08-01 00:00:00+00:00,174,176789
2021-08-02 00:00:00+00:00,322,279820
2021-08-03 00:00:00+00:00,420,312044
2021-08-04 00:00:00+00:00,184,326653
2021-08-05 00:00:00+00:00,170,312187
2021-08-06 00:00:00+00:00,106,275945
2021-08-07 00:00:00+00:00,30,145166
2021-08-08 00:00:00+00:00,30,143688
2021-08-09 00:00:00+00:00,169,257737
2021-08-10 00:00:00+00:00,135,265910
2021-08-11 00:00:00+00:00,133,276749
2021-08-12 00:00:00+00:00,108,269766
2021-08-13 00:00:00+00:00,122,231316
2021-08-14 00:00:00+00:00,45,109615
2021-08-15 00:00:00+00:00,43,107839
2021-08-16 00:00:00+00:00,130,215053
2021-08-17 00:00:00+00:00,123,227926
2021-08-18 00:00:00+00:00,168,230675
2021-08-19 00:00:00+00:00,180,334923
2021-08-20 00:00:00+00:00,355,338763
2021-08-21 00:00:00+00:00,142,218918
2021-08-22 00:00:00+00:00,201,203092
2021-08-23 00:00:00+00:00,276,330440
2021-08-24 00:00:00+00:00,278,362811
2021-08-25 00:00:00+00:00,227,372972
2021-08-26 00:00:00+00:00,212,364724
2021-08-27 00:00:00+00:00,131,340515
2021-08-28 00:00:00+00:00,71,223521
2021-08-29 00:00:00+00:00,54,204924
2021-08-30 00:00:00+00:00,183,331616
2021-08-31 00:00:00+00:00,274,368455
2021-07-01 00:00:00+00:00,264,389707
2021-07-02 00:00:00+00:00,194,358279
2021-07-03 00:00:00+00:00,99,221766
2021-07-04 00:00:00+00:00,123,206103
2021-07-05 00:00:00+00:00,141,321800
2021-07-06 00:00:00+00:00,111,365276
2021-07-07 00:00:00+00:00,120,388453
2021-07-08 00:00:00+00:00,94,383126
2021-07-09 00:00:00+00:00,96,359733
2021-07-10 00:00:00+00:00,64,225901
2021-07-11 00:00:00+00:00,28,207277
2021-07-12 00:00:00+00:00,487,345276
2021-07-13 00:00:00+00:00,453,379105
2021-07-14 00:00:00+00:00,198,383837
2021-07-15 00:00:00+00:00,185,383965
2021-07-16 00:00:00+00:00,280,362193
2021-07-17 00:00:00+00:00,71,232246
2021-07-18 00:00:00+00:00,57,208346
2021-07-19 00:00:00+00:00,131,341886
2021-07-20 00:00:00+00:00,142,363247
2021-07-21 00:00:00+00:00,262,365772
2021-07-22 00:00:00+00:00,597,364050
2021-07-23 00:00:00+00:00,299,351774
2021-07-24 00:00:00+00:00,163,222263
2021-07-25 00:00:00+00:00,94,206625
2021-07-26 00:00:00+00:00,127,339918
2021-07-27 00:00:00+00:00,210,368488
2021-07-28 00:00:00+00:00,176,372945
2021-07-29 00:00:00+00:00,141,340575
2021-07-30 00:00:00+00:00,230,295176
2021-07-31 00:00:00+00:00,144,179518
2021-03-01 00:00:00+00:00,129,389441
2021-03-02 00:00:00+00:00,174,422417
2021-03-03 00:00:00+00:00,205,430153
2021-03-04 00:00:00+00:00,188,424090
2021-03-05 00:00:00+00:00,163,404974
2021-03-06 00:00:00+00:00,116,258775
2021-03-07 00:00:00+00:00,77,233522
2021-03-08 00:00:00+00:00,85,374748
2021-03-09 00:00:00+00:00,91,417682
2021-03-10 00:00:00+00:00,113,425267
2021-03-11 00:00:00+00:00,146,425476
2021-03-12 00:00:00+00:00,232,400563
2021-03-13 00:00:00+00:00,70,254595
2021-03-14 00:00:00+00:00,54,230628
2021-03-15 00:00:00+00:00,163,392200
2021-03-16 00:00:00+00:00,249,418834
2021-03-17 00:00:00+00:00,166,426273
2021-03-18 00:00:00+00:00,239,415973
2021-03-19 00:00:00+00:00,166,397271
2021-03-20 00:00:00+00:00,65,249955
2021-03-21 00:00:00+00:00,61,226753
2021-03-22 00:00:00+00:00,121,384572
2021-03-23 00:00:00+00:00,82,420660
2021-03-24 00:00:00+00:00,116,422002
2021-03-25 00:00:00+00:00,150,425408
2021-03-26 00:00:00+00:00,121,405401
2021-03-27 00:00:00+00:00,56,252157
2021-03-28 00:00:00+00:00,52,227962
2021-03-29 00:00:00+00:00,120,376131
2021-03-30 00:00:00+00:00,148,416220
2021-03-31 00:00:00+00:00,182,423604
2021-11-01 00:00:00+00:00,712,327454
2021-11-02 00:00:00+00:00,357,370917
2021-11-03 00:00:00+00:00,237,385006
2021-11-04 00:00:00+00:00,324,374907
2021-11-05 00:00:00+00:00,227,355295
2021-11-06 00:00:00+00:00,159,229828
2021-11-07 00:00:00+00:00,142,196085
2021-11-08 00:00:00+00:00,423,349188
2021-11-09 00:00:00+00:00,252,380940
2021-11-10 00:00:00+00:00,213,385882
2021-11-11 00:00:00+00:00,221,380531
2021-11-12 00:00:00+00:00,477,365443
2021-11-13 00:00:00+00:00,155,226276
2021-11-14 00:00:00+00:00,113,203937
2021-11-15 00:00:00+00:00,527,346856
2021-11-16 00:00:00+00:00,376,374798
2021-11-17 00:00:00+00:00,312,380060
2021-11-18 00:00:00+00:00,350,381398
2021-11-19 00:00:00+00:00,317,364689
2021-11-20 00:00:00+00:00,282,217797
2021-11-21 00:00:00+00:00,308,194220
2021-11-22 00:00:00+00:00,491,350291
2021-11-23 00:00:00+00:00,598,374933
2021-11-24 00:00:00+00:00,518,378786
2021-11-25 00:00:00+00:00,482,346524
2021-11-26 00:00:00+00:00,654,328773
2021-11-27 00:00:00+00:00,280,217641
2021-11-28 00:00:00+00:00,191,199566
2021-11-29 00:00:00+00:00,534,345904
2021-11-30 00:00:00+00:00,876,377814
2021-01-01 00:00:00+00:00,46,231089
2021-01-02 00:00:00+00:00,60,218342
2021-01-03 00:00:00+00:00,87,218408
2021-01-04 00:00:00+00:00,110,359283
2021-01-05 00:00:00+00:00,102,395722
2021-01-06 00:00:00+00:00,229,390565
2021-01-07 00:00:00+00:00,52,407743
2021-01-08 00:00:00+00:00,33,391721
2021-01-09 00:00:00+00:00,23,260446
2021-01-10 00:00:00+00:00,50,232354
2021-01-11 00:00:00+00:00,72,386901
2021-01-12 00:00:00+00:00,141,423924
2021-01-13 00:00:00+00:00,252,437044
2021-01-14 00:00:00+00:00,215,431183
2021-01-15 00:00:00+00:00,164,414351
2021-01-16 00:00:00+00:00,71,262202
2021-01-17 00:00:00+00:00,78,237681
2021-01-18 00:00:00+00:00,108,376283
2021-01-19 00:00:00+00:00,171,416507
2021-01-20 00:00:00+00:00,166,430952
2021-01-21 00:00:00+00:00,187,426349
2021-01-22 00:00:00+00:00,116,412078
2021-01-23 00:00:00+00:00,82,260208
2021-01-24 00:00:00+00:00,127,233228
2021-01-25 00:00:00+00:00,128,392007
2021-01-26 00:00:00+00:00,194,425535
2021-01-27 00:00:00+00:00,161,439973
2021-01-28 00:00:00+00:00,168,439009
2021-01-29 00:00:00+00:00,175,417688
2021-01-30 00:00:00+00:00,127,265908
2021-01-31 00:00:00+00:00,51,248519
2021-05-01 00:00:00+00:00,103,234433
2021-05-02 00:00:00+00:00,126,215069
2021-05-03 00:00:00+00:00,159,326859
2021-05-04 00:00:00+00:00,153,366636
2021-05-05 00:00:00+00:00,264,390845
2021-05-06 00:00:00+00:00,513,399273
2021-05-07 00:00:00+00:00,218,380651
2021-05-08 00:00:00+00:00,143,249175
2021-05-09 00:00:00+00:00,130,224361
2021-05-10 00:00:00+00:00,166,362397
2021-05-11 00:00:00+00:00,215,401775
2021-05-12 00:00:00+00:00,200,404441
2021-05-13 00:00:00+00:00,105,378186
2021-05-14 00:00:00+00:00,224,368120
2021-05-15 00:00:00+00:00,72,233930
2021-05-16 00:00:00+00:00,100,217078
2021-05-17 00:00:00+00:00,133,366389
2021-05-18 00:00:00+00:00,178,400577
2021-05-19 00:00:00+00:00,149,407435
2021-05-20 00:00:00+00:00,382,405834
2021-05-21 00:00:00+00:00,189,381142
2021-05-22 00:00:00+00:00,89,241441
2021-05-23 00:00:00+00:00,170,216325
2021-05-24 00:00:00+00:00,206,345639
2021-05-25 00:00:00+00:00,141,392442
2021-05-26 00:00:00+00:00,148,396901
2021-05-27 00:00:00+00:00,159,401744
2021-05-28 00:00:00+00:00,156,377409
2021-05-29 00:00:00+00:00,82,232977
2021-05-30 00:00:00+00:00,50,212810
2021-05-31 00:00:00+00:00,216,324150
2021-12-01 00:00:00+00:00,1065,383753
2021-12-02 00:00:00+00:00,1049,384100
2021-12-03 00:00:00+00:00,884,359381
2021-12-04 00:00:00+00:00,771,225440
2021-12-05 00:00:00+00:00,630,202306
2021-12-06 00:00:00+00:00,797,339338
2021-12-07 00:00:00+00:00,1857,367530
2021-12-08 00:00:00+00:00,2058,367730
2021-12-09 00:00:00+00:00,1444,381101
2021-12-10 00:00:00+00:00,1519,363839
2021-12-11 00:00:00+00:00,813,232820
2021-12-12 00:00:00+00:00,835,203844
2021-12-13 00:00:00+00:00,1078,338988
2021-12-14 00:00:00+00:00,1004,372356
2021-12-15 00:00:00+00:00,815,382594
2021-12-16 00:00:00+00:00,1011,376083
2021-12-17 00:00:00+00:00,872,361627
2021-12-18 00:00:00+00:00,545,225028
2021-12-19 00:00:00+00:00,408,196389
2021-12-20 00:00:00+00:00,680,334764
2021-12-21 00:00:00+00:00,618,360679
2021-12-22 00:00:00+00:00,799,351147
2021-12-23 00:00:00+00:00,918,338407
2021-12-24 00:00:00+00:00,799,267031
2021-12-25 00:00:00+00:00,470,146777
2021-12-26 00:00:00+00:00,527,168868
2021-12-27 00:00:00+00:00,483,272605
2021-12-28 00:00:00+00:00,590,305886
2021-12-29 00:00:00+00:00,693,315669
2021-12-30 00:00:00+00:00,766,311317
2021-12-31 00:00:00+00:00,702,258434
2023-06-01 00:00:00+00:00,1395,198164
2023-06-02 00:00:00+00:00,1276,172863
2023-06-03 00:00:00+00:00,900,154690
2023-06-04 00:00:00+00:00,827,108042
2023-06-05 00:00:00+00:00,1088,191281
2023-06-06 00:00:00+00:00,1531,184942
2023-06-07 00:00:00+00:00,1273,172887
2023-06-08 00:00:00+00:00,1433,219702
2023-06-09 00:00:00+00:00,1211,198525
2023-06-10 00:00:00+00:00,1018,130169
2023-06-11 00:00:00+00:00,793,130689
2023-06-12 00:00:00+00:00,1311,196856
2023-06-13 00:00:00+00:00,1195,228058
2023-06-14 00:00:00+00:00,1039,176548
2023-06-15 00:00:00+00:00,1260,239043
2023-06-16 00:00:00+00:00,1146,190866
2023-06-17 00:00:00+00:00,1253,184671
2023-06-18 00:00:00+00:00,1258,141469
2023-06-19 00:00:00+00:00,1461,215961
2023-06-20 00:00:00+00:00,1406,248094
2023-06-21 00:00:00+00:00,1003,191505
2023-06-22 00:00:00+00:00,1173,217436
2023-06-23 00:00:00+00:00,962,164286
2023-06-24 00:00:00+00:00,2812,150571
2023-06-25 00:00:00+00:00,1179,115605
2023-06-26 00:00:00+00:00,1409,186551
2023-06-27 00:00:00+00:00,1391,205058
2023-06-28 00:00:00+00:00,811,156133
2023-06-29 00:00:00+00:00,954,173541
2023-06-30 00:00:00+00:00,878,137220
2023-04-01 00:00:00+00:00,1484,124010
2023-04-02 00:00:00+00:00,1497,133210
2023-04-03 00:00:00+00:00,2042,159996
2023-04-04 00:00:00+00:00,1914,177020
2023-04-05 00:00:00+00:00,2165,174801
2023-04-06 00:00:00+00:00,1557,142578
2023-04-07 00:00:00+00:00,1683,155735
2023-04-08 00:00:00+00:00,1461,130472
2023-04-09 00:00:00+00:00,1003,102382
2023-04-10 00:00:00+00:00,2182,180359
2023-04-11 00:00:00+00:00,2162,175407
2023-04-12 00:00:00+00:00,1951,181297
2023-04-13 00:00:00+00:00,2313,207376
2023-04-14 00:00:00+00:00,1724,154674
2023-04-15 00:00:00+00:00,1485,130206
2023-04-16 00:00:00+00:00,1272,99152
2023-04-17 00:00:00+00:00,1687,181639
2023-04-18 00:00:00+00:00,1200,158147
2023-04-19 00:00:00+00:00,1004,158844
2023-04-20 00:00:00+00:00,1121,173833
2023-04-21 00:00:00+00:00,935,150746
2023-04-22 00:00:00+00:00,975,143815
2023-04-23 00:00:00+00:00,836,115998
2023-04-24 00:00:00+00:00,1420,191834
2023-04-25 00:00:00+00:00,1288,208250
2023-04-26 00:00:00+00:00,1762,246855
2023-04-27 00:00:00+00:00,1239,217849
2023-04-28 00:00:00+00:00,1393,182743
2023-04-29 00:00:00+00:00,1282,190655
2023-04-30 00:00:00+00:00,890,135077
2023-09-01 00:00:00+00:00,758,178650
2023-09-02 00:00:00+00:00,664,135276
2023-09-03 00:00:00+00:00,651,133756
2023-09-04 00:00:00+00:00,1180,174166
2023-09-05 00:00:00+00:00,687,132026
2023-09-06 00:00:00+00:00,1139,211743
2023-09-07 00:00:00+00:00,875,207516
2023-09-08 00:00:00+00:00,1017,175239
2023-09-09 00:00:00+00:00,1193,140091
2023-09-10 00:00:00+00:00,908,102947
2023-09-11 00:00:00+00:00,1065,222270
2023-09-12 00:00:00+00:00,1132,236057
2023-09-13 00:00:00+00:00,784,161821
2023-09-14 00:00:00+00:00,866,179699
2023-09-15 00:00:00+00:00,867,182186
2023-09-16 00:00:00+00:00,658,144765
2023-09-17 00:00:00+00:00,906,163555
2023-09-18 00:00:00+00:00,1069,181688
2023-09-19 00:00:00+00:00,1087,167576
2023-09-20 00:00:00+00:00,1035,190494
2023-09-21 00:00:00+00:00,1062,171085
2023-09-22 00:00:00+00:00,982,178163
2023-09-23 00:00:00+00:00,646,124795
2023-09-24 00:00:00+00:00,725,142852
2023-09-25 00:00:00+00:00,768,173426
2023-09-26 00:00:00+00:00,723,182311
2023-09-27 00:00:00+00:00,523,154549
2023-09-28 00:00:00+00:00,768,199824
2023-09-29 00:00:00+00:00,600,160465
2023-09-30 00:00:00+00:00,674,149281
2023-02-01 00:00:00+00:00,4221,327450
2023-02-02 00:00:00+00:00,4126,319333
2023-02-03 00:00:00+00:00,4954,299673
2023-02-04 00:00:00+00:00,2700,186889
2023-02-05 00:00:00+00:00,3187,168644
2023-02-06 00:00:00+00:00,3863,290263
2023-02-07 00:00:00+00:00,3795,310033
2023-02-08 00:00:00+00:00,4528,317887
2023-02-09 00:00:00+00:00,3613,318267
2023-02-10 00:00:00+00:00,3850,301177
2023-02-11 00:00:00+00:00,2744,186318
2023-02-12 00:00:00+00:00,2324,167956
2023-02-13 00:00:00+00:00,4271,285171
2023-02-14 00:00:00+00:00,4120,314457
2023-02-15 00:00:00+00:00,3367,312198
2023-02-16 00:00:00+00:00,4839,315298
2023-02-17 00:00:00+00:00,4701,302132
2023-02-18 00:00:00+00:00,3915,187706
2023-02-19 00:00:00+00:00,3623,169363
2023-02-20 00:00:00+00:00,6165,269768
2023-02-21 00:00:00+00:00,7271,298605
2023-02-22 00:00:00+00:00,5288,312263
2023-02-23 00:00:00+00:00,6210,309921
2023-02-24 00:00:00+00:00,8779,296070
2023-02-25 00:00:00+00:00,4325,188727
2023-02-26 00:00:00+00:00,2433,167176
2023-02-27 00:00:00+00:00,2953,276826
2023-02-28 00:00:00+00:00,4674,316974
2023-10-01 00:00:00+00:00,876,135610
2023-10-02 00:00:00+00:00,647,154452
2023-10-03 00:00:00+00:00,629,171328
2023-10-04 00:00:00+00:00,768,186699
2023-10-05 00:00:00+00:00,970,216375
2023-10-06 00:00:00+00:00,881,173083
2023-10-07 00:00:00+00:00,396,91076
2023-10-08 00:00:00+00:00,287,91899
2023-10-09 00:00:00+00:00,431,115533
2023-10-10 00:00:00+00:00,581,126608
2023-10-11 00:00:00+00:00,511,130540
2023-10-12 00:00:00+00:00,658,169262
2023-10-13 00:00:00+00:00,580,146885
2023-10-14 00:00:00+00:00,357,95863
2023-10-15 00:00:00+00:00,317,78624
2023-10-16 00:00:00+00:00,537,132815
2023-10-17 00:00:00+00:00,620,187328
2023-10-18 00:00:00+00:00,662,169905
2023-10-19 00:00:00+00:00,708,176409
2023-10-20 00:00:00+00:00,539,114128
2023-10-21 00:00:00+00:00,500,119189
2023-10-22 00:00:00+00:00,357,84977
2023-10-23 00:00:00+00:00,644,158369
2023-10-24 00:00:00+00:00,626,177655
2023-10-25 00:00:00+00:00,826,215109
2023-10-26 00:00:00+00:00,678,170559
2023-10-27 00:00:00+00:00,547,170450
2023-10-28 00:00:00+00:00,497,146274
2023-10-29 00:00:00+00:00,401,110515
2023-10-30 00:00:00+00:00,505,129977
2023-10-31 00:00:00+00:00,573,169323
2023-08-01 00:00:00+00:00,769,160689
2023-08-02 00:00:00+00:00,883,163431
2023-08-03 00:00:00+00:00,859,171686
2023-08-04 00:00:00+00:00,1051,188801
2023-08-05 00:00:00+00:00,740,118097
2023-08-06 00:00:00+00:00,1149,128373
2023-08-07 00:00:00+00:00,990,152833
2023-08-08 00:00:00+00:00,778,159650
2023-08-09 00:00:00+00:00,1102,200807
2023-08-10 00:00:00+00:00,883,165572
2023-08-11 00:00:00+00:00,568,119826
2023-08-12 00:00:00+00:00,744,136369
2023-08-13 00:00:00+00:00,720,139259
2023-08-14 00:00:00+00:00,907,180452
2023-08-15 00:00:00+00:00,996,206681
2023-08-16 00:00:00+00:00,732,156746
2023-08-17 00:00:00+00:00,847,176620
2023-08-18 00:00:00+00:00,846,172620
2023-08-19 00:00:00+00:00,883,128668
2023-08-20 00:00:00+00:00,700,106747
2023-08-21 00:00:00+00:00,717,137610
2023-08-22 00:00:00+00:00,784,188326
2023-08-23 00:00:00+00:00,1152,183569
2023-08-24 00:00:00+00:00,1474,201967
2023-08-25 00:00:00+00:00,1137,239086
2023-08-26 00:00:00+00:00,595,135192
2023-08-27 00:00:00+00:00,435,109762
2023-08-28 00:00:00+00:00,768,177593
2023-08-29 00:00:00+00:00,776,194634
2023-08-30 00:00:00+00:00,989,202820
2023-08-31 00:00:00+00:00,907,215682
2023-07-01 00:00:00+00:00,538,105350
2023-07-02 00:00:00+00:00,544,113633
2023-07-03 00:00:00+00:00,1083,152277
2023-07-04 00:00:00+00:00,1047,170177
2023-07-05 00:00:00+00:00,1334,204654
2023-07-06 00:00:00+00:00,1124,169344
2023-07-07 00:00:00+00:00,1532,169874
2023-07-08 00:00:00+00:00,1557,121211
2023-07-09 00:00:00+00:00,980,105312
2023-07-10 00:00:00+00:00,1004,121427
2023-07-11 00:00:00+00:00,1426,180749
2023-07-12 00:00:00+00:00,1636,221146
2023-07-13 00:00:00+00:00,1201,201517
2023-07-14 00:00:00+00:00,1416,250255
2023-07-15 00:00:00+00:00,962,150412
2023-07-16 00:00:00+00:00,967,129567
2023-07-17 00:00:00+00:00,1874,168993
2023-07-18 00:00:00+00:00,1678,215063
2023-07-19 00:00:00+00:00,1129,168726
2023-07-20 00:00:00+00:00,1720,234158
2023-07-21 00:00:00+00:00,1048,153281
2023-07-22 00:00:00+00:00,789,119347
2023-07-23 00:00:00+00:00,805,134265
2023-07-24 00:00:00+00:00,1003,178910
2023-07-25 00:00:00+00:00,901,162431
2023-07-26 00:00:00+00:00,1001,184012
2023-07-27 00:00:00+00:00,1267,193166
2023-07-28 00:00:00+00:00,971,177866
2023-07-29 00:00:00+00:00,540,114536
2023-07-30 00:00:00+00:00,1030,131652
2023-07-31 00:00:00+00:00,998,170551
2023-03-01 00:00:00+00:00,4776,321560
2023-03-02 00:00:00+00:00,4093,314858
2023-03-03 00:00:00+00:00,4008,298879
2023-03-04 00:00:00+00:00,2779,187888
2023-03-05 00:00:00+00:00,2684,171832
2023-03-06 00:00:00+00:00,4266,286181
2023-03-07 00:00:00+00:00,4243,317599
2023-03-08 00:00:00+00:00,3489,296557
2023-03-09 00:00:00+00:00,4378,313880
2023-03-10 00:00:00+00:00,2954,309433
2023-03-11 00:00:00+00:00,2534,190449
2023-03-12 00:00:00+00:00,2011,178272
2023-03-13 00:00:00+00:00,4186,301583
2023-03-14 00:00:00+00:00,4390,300704
2023-03-15 00:00:00+00:00,4146,319310
2023-03-16 00:00:00+00:00,4530,321815
2023-03-17 00:00:00+00:00,4168,300657
2023-03-18 00:00:00+00:00,3678,190804
2023-03-19 00:00:00+00:00,2606,173702
2023-03-20 00:00:00+00:00,4374,293350
2023-03-21 00:00:00+00:00,3928,282625
2023-03-22 00:00:00+00:00,487,70536
2023-03-24 00:00:00+00:00,776,114693
2023-03-25 00:00:00+00:00,2585,303358
2023-03-26 00:00:00+00:00,3333,275351
2023-03-27 00:00:00+00:00,1904,200122
2023-03-28 00:00:00+00:00,1210,161399
2023-03-29 00:00:00+00:00,2015,185071
2023-03-30 00:00:00+00:00,2721,198190
2023-03-31 00:00:00+00:00,2424,204585
2023-11-01 00:00:00+00:00,518,147785
2023-11-02 00:00:00+00:00,666,166904
2023-11-03 00:00:00+00:00,566,152405
2023-11-04 00:00:00+00:00,464,101032
2023-11-05 00:00:00+00:00,441,127561
2023-11-06 00:00:00+00:00,541,155960
2023-11-07 00:00:00+00:00,657,170213
2023-11-08 00:00:00+00:00,660,149959
2023-11-09 00:00:00+00:00,769,209336
2023-11-10 00:00:00+00:00,726,200923
2023-11-11 00:00:00+00:00,536,115041
2023-11-12 00:00:00+00:00,423,93017
2023-11-13 00:00:00+00:00,495,133433
2023-11-14 00:00:00+00:00,796,186310
2023-11-15 00:00:00+00:00,623,140627
2023-11-16 00:00:00+00:00,514,129541
2023-11-17 00:00:00+00:00,800,189962
2023-11-18 00:00:00+00:00,549,125998
2023-11-19 00:00:00+00:00,573,124886
2023-11-20 00:00:00+00:00,489,134001
2023-11-21 00:00:00+00:00,752,198767
2023-11-22 00:00:00+00:00,595,176058
2023-11-23 00:00:00+00:00,597,172245
2023-11-24 00:00:00+00:00,579,180849
2023-11-25 00:00:00+00:00,624,133930
2023-11-26 00:00:00+00:00,465,110676
2023-11-27 00:00:00+00:00,559,164316
2023-11-28 00:00:00+00:00,918,223500
2023-11-29 00:00:00+00:00,839,184122
2023-11-30 00:00:00+00:00,671,194331
2023-01-01 00:00:00+00:00,1759,140639
2023-01-02 00:00:00+00:00,2207,196619
2023-01-03 00:00:00+00:00,2052,259205
2023-01-04 00:00:00+00:00,1829,281813
2023-01-05 00:00:00+00:00,2456,288347
2023-01-06 00:00:00+00:00,2123,262980
2023-01-07 00:00:00+00:00,1502,180287
2023-01-08 00:00:00+00:00,2299,164972
2023-01-09 00:00:00+00:00,3984,281757
2023-01-10 00:00:00+00:00,4344,306052
2023-01-11 00:00:00+00:00,3583,317953
2023-01-12 00:00:00+00:00,3829,312337
2023-01-13 00:00:00+00:00,4300,302127
2023-01-14 00:00:00+00:00,3180,189573
2023-01-15 00:00:00+00:00,2412,167911
2023-01-16 00:00:00+00:00,3937,264487
2023-01-17 00:00:00+00:00,4572,303927
2023-01-18 00:00:00+00:00,3872,299365
2023-01-19 00:00:00+00:00,4472,316959
2023-01-20 00:00:00+00:00,4269,298873
2023-01-21 00:00:00+00:00,3275,193080
2023-01-22 00:00:00+00:00,3230,174705
2023-01-23 00:00:00+00:00,4369,274233
2023-01-24 00:00:00+00:00,4762,301603
2023-01-25 00:00:00+00:00,4649,302883
2023-01-26 00:00:00+00:00,4214,302079
2023-01-27 00:00:00+00:00,4065,284523
2023-01-28 00:00:00+00:00,2677,189050
2023-01-29 00:00:00+00:00,2793,173510
2023-01-30 00:00:00+00:00,4576,285136
2023-01-31 00:00:00+00:00,4693,318363
2023-05-01 00:00:00+00:00,939,123206
2023-05-02 00:00:00+00:00,1205,222971
2023-05-03 00:00:00+00:00,1837,214717
2023-05-04 00:00:00+00:00,1218,158442
2023-05-05 00:00:00+00:00,1384,225937
2023-05-06 00:00:00+00:00,749,118826
2023-05-07 00:00:00+00:00,937,139368
2023-05-08 00:00:00+00:00,920,159481
2023-05-09 00:00:00+00:00,1191,175039
2023-05-10 00:00:00+00:00,1234,204332
2023-05-11 00:00:00+00:00,1681,229854
2023-05-12 00:00:00+00:00,1438,229639
2023-05-13 00:00:00+00:00,1853,181160
2023-05-14 00:00:00+00:00,1281,155909
2023-05-15 00:00:00+00:00,1232,182377
2023-05-16 00:00:00+00:00,1198,182404
2023-05-17 00:00:00+00:00,1957,251305
2023-05-18 00:00:00+00:00,1829,239021
2023-05-19 00:00:00+00:00,1642,199360
2023-05-20 00:00:00+00:00,993,121525
2023-05-21 00:00:00+00:00,1653,162368
2023-05-22 00:00:00+00:00,1106,170934
2023-05-23 00:00:00+00:00,1225,188497
2023-05-24 00:00:00+00:00,1480,198932
2023-05-25 00:00:00+00:00,1077,188604
2023-05-26 00:00:00+00:00,1618,220047
2023-05-27 00:00:00+00:00,713,111903
2023-05-28 00:00:00+00:00,792,145487
2023-05-29 00:00:00+00:00,1007,184271
2023-05-30 00:00:00+00:00,1440,227955
2023-05-31 00:00:00+00:00,1339,206794
2023-12-01 00:00:00+00:00,475,151027
2023-12-02 00:00:00+00:00,378,120770
2023-12-03 00:00:00+00:00,512,133714
2023-12-04 00:00:00+00:00,555,157134
2023-12-05 00:00:00+00:00,595,169039
2023-12-06 00:00:00+00:00,672,186015
2023-12-07 00:00:00+00:00,775,196748
2023-12-08 00:00:00+00:00,787,215467
2023-12-09 00:00:00+00:00,445,116866
2023-12-10 00:00:00+00:00,371,103600
2023-12-11 00:00:00+00:00,592,124992
2023-12-12 00:00:00+00:00,991,219548
2023-12-13 00:00:00+00:00,810,218833
2023-12-14 00:00:00+00:00,556,160802
2023-12-15 00:00:00+00:00,528,156187
2023-12-16 00:00:00+00:00,470,121961
2023-12-17 00:00:00+00:00,662,151582
2023-12-18 00:00:00+00:00,551,141168
2023-12-19 00:00:00+00:00,915,214015
2023-12-20 00:00:00+00:00,653,178715
2023-12-21 00:00:00+00:00,545,155154
2023-12-22 00:00:00+00:00,615,183833
2023-12-23 00:00:00+00:00,705,156584
2023-12-24 00:00:00+00:00,542,108256
2023-12-25 00:00:00+00:00,341,67702
2023-12-26 00:00:00+00:00,848,156946
2023-12-27 00:00:00+00:00,624,174484
2023-12-28 00:00:00+00:00,674,157864
2023-12-29 00:00:00+00:00,1251,157500
2023-12-30 00:00:00+00:00,881,111724
2023-12-31 00:00:00+00:00,1061,129642
2018-06-01 00:00:00+00:00,323,617022
2018-06-02 00:00:00+00:00,94,399897
2018-06-03 00:00:00+00:00,67,391769
2018-06-04 00:00:00+00:00,192,599852
2018-06-05 00:00:00+00:00,154,641554
2018-06-06 00:00:00+00:00,177,660405
2018-06-07 00:00:00+00:00,179,659278
2018-06-08 00:00:00+00:00,263,556169
2018-06-09 00:00:00+00:00,280,369665
2018-06-10 00:00:00+00:00,123,370702
2018-06-11 00:00:00+00:00,232,642506
2018-06-12 00:00:00+00:00,276,687838
2018-06-13 00:00:00+00:00,201,645101
2018-06-14 00:00:00+00:00,341,666757
2018-06-15 00:00:00+00:00,357,593690
2018-06-16 00:00:00+00:00,242,390847
2018-06-17 00:00:00+00:00,232,347598
2018-06-18 00:00:00+00:00,262,569720
2018-06-19 00:00:00+00:00,257,549661
2018-06-20 00:00:00+00:00,221,667664
2018-06-21 00:00:00+00:00,181,601795
2018-06-22 00:00:00+00:00,135,626117
2018-06-23 00:00:00+00:00,65,396071
2018-06-24 00:00:00+00:00,32,381549
2018-06-25 00:00:00+00:00,87,431342
2018-06-26 00:00:00+00:00,186,620730
2018-06-27 00:00:00+00:00,195,521183
2018-06-28 00:00:00+00:00,143,548778
2018-06-29 00:00:00+00:00,245,519959
2018-06-30 00:00:00+00:00,86,399499
2018-04-01 00:00:00+00:00,44,307457
2018-04-02 00:00:00+00:00,107,555919
2018-04-03 00:00:00+00:00,128,616889
2018-04-04 00:00:00+00:00,163,550638
2018-04-05 00:00:00+00:00,112,620507
2018-04-06 00:00:00+00:00,125,583873
2018-04-07 00:00:00+00:00,51,378673
2018-04-08 00:00:00+00:00,26,367916
2018-04-09 00:00:00+00:00,184,543816
2018-04-10 00:00:00+00:00,213,719631
2018-04-11 00:00:00+00:00,135,678034
2018-04-12 00:00:00+00:00,146,702027
2018-04-13 00:00:00+00:00,179,588142
2018-04-14 00:00:00+00:00,78,438743
2018-04-15 00:00:00+00:00,65,363474
2018-04-16 00:00:00+00:00,87,576282
2018-04-17 00:00:00+00:00,108,656656
2018-04-18 00:00:00+00:00,135,715484
2018-04-19 00:00:00+00:00,94,729864
2018-04-20 00:00:00+00:00,86,565639
2018-04-21 00:00:00+00:00,99,426800
2018-04-22 00:00:00+00:00,135,390271
2018-04-23 00:00:00+00:00,111,565328
2018-04-24 00:00:00+00:00,117,644140
2018-04-25 00:00:00+00:00,130,578193
2018-04-26 00:00:00+00:00,76,570399
2018-04-27 00:00:00+00:00,112,612114
2018-04-28 00:00:00+00:00,97,425337
2018-04-29 00:00:00+00:00,42,334236
2018-04-30 00:00:00+00:00,56,569496
2018-09-01 00:00:00+00:00,249,375197
2018-09-02 00:00:00+00:00,149,336594
2018-09-03 00:00:00+00:00,464,508148
2018-09-04 00:00:00+00:00,362,600959
2018-09-05 00:00:00+00:00,315,641744
2018-09-06 00:00:00+00:00,265,631607
2018-09-07 00:00:00+00:00,240,597926
2018-09-08 00:00:00+00:00,116,386007
2018-09-09 00:00:00+00:00,111,361335
2018-09-10 00:00:00+00:00,179,585287
2018-09-11 00:00:00+00:00,240,621198
2018-09-12 00:00:00+00:00,214,646933
2018-09-13 00:00:00+00:00,294,630161
2018-09-14 00:00:00+00:00,381,613585
2018-09-15 00:00:00+00:00,196,383927
2018-09-16 00:00:00+00:00,140,341211
2018-09-17 00:00:00+00:00,724,572039
2018-09-18 00:00:00+00:00,227,630504
2018-09-19 00:00:00+00:00,388,631833
2018-09-20 00:00:00+00:00,356,635345
2018-09-21 00:00:00+00:00,377,597447
2018-09-22 00:00:00+00:00,176,374637
2018-09-23 00:00:00+00:00,87,348410
2018-09-24 00:00:00+00:00,260,556916
2018-09-25 00:00:00+00:00,331,615046
2018-09-26 00:00:00+00:00,309,623457
2018-09-27 00:00:00+00:00,256,597028
2018-09-28 00:00:00+00:00,332,594081
2018-09-29 00:00:00+00:00,234,380488
2018-09-30 00:00:00+00:00,119,346948
2018-02-01 00:00:00+00:00,104,638115
2018-02-02 00:00:00+00:00,100,580804
2018-02-03 00:00:00+00:00,67,411787
2018-02-04 00:00:00+00:00,70,387503
2018-02-05 00:00:00+00:00,177,658083
2018-02-06 00:00:00+00:00,68,669277
2018-02-07 00:00:00+00:00,108,649083
2018-02-08 00:00:00+00:00,116,604822
2018-02-09 00:00:00+00:00,70,577680
2018-02-10 00:00:00+00:00,51,437017
2018-02-11 00:00:00+00:00,85,397846
2018-02-12 00:00:00+00:00,187,475912
2018-02-13 00:00:00+00:00,276,541747
2018-02-14 00:00:00+00:00,192,571872
2018-02-15 00:00:00+00:00,152,596926
2018-02-16 00:00:00+00:00,348,540170
2018-02-17 00:00:00+00:00,188,431487
2018-02-18 00:00:00+00:00,111,385874
2018-02-19 00:00:00+00:00,292,527929
2018-02-20 00:00:00+00:00,190,630957
2018-02-21 00:00:00+00:00,317,522494
2018-02-22 00:00:00+00:00,203,571087
2018-02-23 00:00:00+00:00,224,553210
2018-02-24 00:00:00+00:00,201,456032
2018-02-25 00:00:00+00:00,83,396009
2018-02-26 00:00:00+00:00,165,591875
2018-02-27 00:00:00+00:00,151,530834
2018-02-28 00:00:00+00:00,133,632963
2018-10-01 00:00:00+00:00,231,560915
2018-10-02 00:00:00+00:00,306,595370
2018-10-03 00:00:00+00:00,278,600437
2018-10-04 00:00:00+00:00,415,609053
2018-10-05 00:00:00+00:00,298,587095
2018-10-06 00:00:00+00:00,210,370711
2018-10-07 00:00:00+00:00,215,360623
2018-10-08 00:00:00+00:00,220,561194
2018-10-09 00:00:00+00:00,219,606784
2018-10-10 00:00:00+00:00,305,618236
2018-10-11 00:00:00+00:00,284,615773
2018-10-12 00:00:00+00:00,274,570441
2018-10-13 00:00:00+00:00,115,354434
2018-10-14 00:00:00+00:00,128,330885
2018-10-15 00:00:00+00:00,306,556079
2018-10-16 00:00:00+00:00,349,611801
2018-10-17 00:00:00+00:00,430,615778
2018-10-18 00:00:00+00:00,267,612712
2018-10-19 00:00:00+00:00,238,585372
2018-10-20 00:00:00+00:00,141,364543
2018-10-21 00:00:00+00:00,81,347745
2018-10-22 00:00:00+00:00,245,565276
2018-10-23 00:00:00+00:00,374,620841
2018-10-24 00:00:00+00:00,410,630996
2018-10-25 00:00:00+00:00,408,641129
2018-10-26 00:00:00+00:00,348,596941
2018-10-27 00:00:00+00:00,140,371209
2018-10-28 00:00:00+00:00,96,351218
2018-10-29 00:00:00+00:00,204,581207
2018-10-30 00:00:00+00:00,392,613542
2018-10-31 00:00:00+00:00,281,623679
2018-08-01 00:00:00+00:00,516,631563
2018-08-02 00:00:00+00:00,424,623909
2018-08-03 00:00:00+00:00,323,603270
2018-08-04 00:00:00+00:00,101,387212
2018-08-05 00:00:00+00:00,97,355013
2018-08-06 00:00:00+00:00,284,573402
2018-08-07 00:00:00+00:00,273,618463
2018-08-08 00:00:00+00:00,436,618609
2018-08-09 00:00:00+00:00,194,596272
2018-08-10 00:00:00+00:00,259,556629
2018-08-11 00:00:00+00:00,159,374882
2018-08-12 00:00:00+00:00,167,338950
2018-08-13 00:00:00+00:00,309,556789
2018-08-14 00:00:00+00:00,369,597753
2018-08-15 00:00:00+00:00,256,573774
2018-08-16 00:00:00+00:00,298,597357
2018-08-17 00:00:00+00:00,341,561592
2018-08-18 00:00:00+00:00,273,368437
2018-08-19 00:00:00+00:00,233,335652
2018-08-20 00:00:00+00:00,303,535770
2018-08-21 00:00:00+00:00,410,525355
2018-08-22 00:00:00+00:00,334,580206
2018-08-23 00:00:00+00:00,339,589323
2018-08-24 00:00:00+00:00,348,567255
2018-08-25 00:00:00+00:00,92,362400
2018-08-26 00:00:00+00:00,110,338914
2018-08-27 00:00:00+00:00,216,535186
2018-08-28 00:00:00+00:00,370,591185
2018-08-29 00:00:00+00:00,331,599157
2018-08-30 00:00:00+00:00,428,594012
2018-08-31 00:00:00+00:00,527,573552
2018-07-01 00:00:00+00:00,37,355034
2018-07-02 00:00:00+00:00,307,595307
2018-07-03 00:00:00+00:00,390,557894
2018-07-04 00:00:00+00:00,234,573019
2018-07-05 00:00:00+00:00,244,635224
2018-07-06 00:00:00+00:00,260,556974
2018-07-07 00:00:00+00:00,196,402934
2018-07-08 00:00:00+00:00,165,330803
2018-07-09 00:00:00+00:00,200,583429
2018-07-10 00:00:00+00:00,115,543768
2018-07-11 00:00:00+00:00,228,609944
2018-07-12 00:00:00+00:00,213,609647
2018-07-13 00:00:00+00:00,203,591098
2018-07-14 00:00:00+00:00,108,392480
2018-07-15 00:00:00+00:00,138,263918
2018-07-16 00:00:00+00:00,847,553822
2018-07-17 00:00:00+00:00,623,635478
2018-07-18 00:00:00+00:00,442,652924
2018-07-19 00:00:00+00:00,307,646771
2018-07-20 00:00:00+00:00,339,613970
2018-07-21 00:00:00+00:00,218,388993
2018-07-22 00:00:00+00:00,91,354548
2018-07-23 00:00:00+00:00,383,594663
2018-07-24 00:00:00+00:00,223,647935
2018-07-25 00:00:00+00:00,241,642526
2018-07-26 00:00:00+00:00,562,644603
2018-07-27 00:00:00+00:00,504,607964
2018-07-28 00:00:00+00:00,397,377920
2018-07-29 00:00:00+00:00,166,349619
2018-07-30 00:00:00+00:00,486,573910
2018-07-31 00:00:00+00:00,528,626726
2018-03-01 00:00:00+00:00,203,701240
2018-03-02 00:00:00+00:00,374,606937
2018-03-03 00:00:00+00:00,277,396038
2018-03-04 00:00:00+00:00,106,304496
2018-03-05 00:00:00+00:00,278,638145
2018-03-06 00:00:00+00:00,141,677298
2018-03-07 00:00:00+00:00,204,679499
2018-03-08 00:00:00+00:00,137,580266
2018-03-09 00:00:00+00:00,155,646495
2018-03-10 00:00:00+00:00,60,443413
2018-03-11 00:00:00+00:00,80,378706
2018-03-12 00:00:00+00:00,184,620489
2018-03-13 00:00:00+00:00,147,520736
2018-03-14 00:00:00+00:00,331,668709
2018-03-15 00:00:00+00:00,327,644744
2018-03-16 00:00:00+00:00,278,649212
2018-03-17 00:00:00+00:00,122,379198
2018-03-18 00:00:00+00:00,463,369754
2018-03-19 00:00:00+00:00,326,635088
2018-03-20 00:00:00+00:00,160,592576
2018-03-21 00:00:00+00:00,154,638519
2018-03-22 00:00:00+00:00,131,629541
2018-03-23 00:00:00+00:00,92,558941
2018-03-24 00:00:00+00:00,60,393727
2018-03-25 00:00:00+00:00,101,370595
2018-03-26 00:00:00+00:00,736,586308
2018-03-27 00:00:00+00:00,306,568017
2018-03-28 00:00:00+00:00,163,657644
2018-03-29 00:00:00+00:00,147,647539
2018-03-30 00:00:00+00:00,92,510559
2018-03-31 00:00:00+00:00,53,365672
2018-11-01 00:00:00+00:00,777,596429
2018-11-02 00:00:00+00:00,505,573265
2018-11-03 00:00:00+00:00,180,373881
2018-11-04 00:00:00+00:00,116,337037
2018-11-05 00:00:00+00:00,204,559787
2018-11-06 00:00:00+00:00,205,604838
2018-11-07 00:00:00+00:00,218,627872
2018-11-08 00:00:00+00:00,305,618066
2018-11-09 00:00:00+00:00,268,591230
2018-11-10 00:00:00+00:00,95,378528
2018-11-11 00:00:00+00:00,214,345053
2018-11-12 00:00:00+00:00,279,545671
2018-11-13 00:00:00+00:00,278,620976
2018-11-14 00:00:00+00:00,222,628939
2018-11-15 00:00:00+00:00,263,636329
2018-11-16 00:00:00+00:00,246,590677
2018-11-17 00:00:00+00:00,100,378415
2018-11-18 00:00:00+00:00,176,335717
2018-11-19 00:00:00+00:00,267,549638
2018-11-20 00:00:00+00:00,222,601238
2018-11-21 00:00:00+00:00,276,608585
2018-11-22 00:00:00+00:00,230,554027
2018-11-23 00:00:00+00:00,245,532334
2018-11-24 00:00:00+00:00,91,363532
2018-11-25 00:00:00+00:00,1246,341608
2018-11-26 00:00:00+00:00,6596,563793
2018-11-27 00:00:00+00:00,4096,606893
2018-11-28 00:00:00+00:00,3965,619751
2018-11-29 00:00:00+00:00,4034,619323
2018-11-30 00:00:00+00:00,3641,584655
2018-01-01 00:00:00+00:00,37,372641
2018-01-02 00:00:00+00:00,72,508097
2018-01-03 00:00:00+00:00,110,623867
2018-01-04 00:00:00+00:00,102,607039
2018-01-05 00:00:00+00:00,115,537361
2018-01-06 00:00:00+00:00,97,431894
2018-01-07 00:00:00+00:00,68,338104
2018-01-08 00:00:00+00:00,105,618339
2018-01-09 00:00:00+00:00,114,624128
2018-01-10 00:00:00+00:00,136,634107
2018-01-11 00:00:00+00:00,138,579123
2018-01-12 00:00:00+00:00,131,597977
2018-01-13 00:00:00+00:00,150,407765
2018-01-14 00:00:00+00:00,55,338122
2018-01-15 00:00:00+00:00,157,555931
2018-01-16 00:00:00+00:00,99,648837
2018-01-17 00:00:00+00:00,113,610446
2018-01-18 00:00:00+00:00,176,558027
2018-01-19 00:00:00+00:00,193,630594
2018-01-20 00:00:00+00:00,59,382134
2018-01-21 00:00:00+00:00,74,392859
2018-01-22 00:00:00+00:00,129,545224
2018-01-23 00:00:00+00:00,153,614555
2018-01-24 00:00:00+00:00,105,603381
2018-01-25 00:00:00+00:00,78,486773
2018-01-26 00:00:00+00:00,300,605023
2018-01-27 00:00:00+00:00,122,424774
2018-01-28 00:00:00+00:00,58,392817
2018-01-29 00:00:00+00:00,126,500914
2018-01-30 00:00:00+00:00,73,546002
2018-01-31 00:00:00+00:00,96,597245
2018-05-01 00:00:00+00:00,109,530345
2018-05-02 00:00:00+00:00,146,572491
2018-05-03 00:00:00+00:00,112,605826
2018-05-04 00:00:00+00:00,78,600235
2018-05-05 00:00:00+00:00,86,407143
2018-05-06 00:00:00+00:00,55,370773
2018-05-07 00:00:00+00:00,145,573436
2018-05-08 00:00:00+00:00,102,575000
2018-05-09 00:00:00+00:00,131,658248
2018-05-10 00:00:00+00:00,162,610084
2018-05-11 00:00:00+00:00,83,588830
2018-05-12 00:00:00+00:00,102,382780
2018-05-13 00:00:00+00:00,58,374617
2018-05-14 00:00:00+00:00,96,595247
2018-05-15 00:00:00+00:00,296,586709
2018-05-16 00:00:00+00:00,223,679567
2018-05-17 00:00:00+00:00,286,664822
2018-05-18 00:00:00+00:00,309,625838
2018-05-19 00:00:00+00:00,84,405384
2018-05-20 00:00:00+00:00,38,355400
2018-05-21 00:00:00+00:00,75,568755
2018-05-22 00:00:00+00:00,97,571273
2018-05-23 00:00:00+00:00,178,653421
2018-05-24 00:00:00+00:00,404,687589
2018-05-25 00:00:00+00:00,361,576952
2018-05-26 00:00:00+00:00,185,434045
2018-05-27 00:00:00+00:00,69,400707
2018-05-28 00:00:00+00:00,105,509200
2018-05-29 00:00:00+00:00,393,617504
2018-05-30 00:00:00+00:00,798,635713
2018-05-31 00:00:00+00:00,306,589294
2018-12-01 00:00:00+00:00,2112,384865
2018-12-02 00:00:00+00:00,2396,330718
2018-12-03 00:00:00+00:00,1406,561859
2018-12-04 00:00:00+00:00,1671,606402
2018-12-05 00:00:00+00:00,933,613720
2018-12-06 00:00:00+00:00,1368,600825
2018-12-07 00:00:00+00:00,957,562547
2018-12-08 00:00:00+00:00,300,354648
2018-12-09 00:00:00+00:00,259,319575
2018-12-10 00:00:00+00:00,721,531354
2018-12-11 00:00:00+00:00,647,579106
2018-12-12 00:00:00+00:00,491,587921
2018-12-13 00:00:00+00:00,521,546141
2018-12-14 00:00:00+00:00,507,552965
2018-12-15 00:00:00+00:00,287,352179
2018-12-16 00:00:00+00:00,224,312822
2018-12-17 00:00:00+00:00,527,515618
2018-12-18 00:00:00+00:00,393,551086
2018-12-19 00:00:00+00:00,419,575539
2018-12-20 00:00:00+00:00,496,577643
2018-12-21 00:00:00+00:00,273,484049
2018-12-22 00:00:00+00:00,234,341788
2018-12-23 00:00:00+00:00,125,298194
2018-12-24 00:00:00+00:00,339,386264
2018-12-25 00:00:00+00:00,269,316719
2018-12-26 00:00:00+00:00,416,388842
2018-12-27 00:00:00+00:00,342,462463
2018-12-28 00:00:00+00:00,452,463174
2018-12-29 00:00:00+00:00,415,332688
2018-12-30 00:00:00+00:00,258,292052
2018-12-31 00:00:00+00:00,212,365143
2019-06-01 00:00:00+00:00,127,349368
2019-06-02 00:00:00+00:00,151,295119
2019-06-03 00:00:00+00:00,228,520036
2019-06-04 00:00:00+00:00,298,551818
2019-06-05 00:00:00+00:00,303,545910
2019-06-06 00:00:00+00:00,328,547521
2019-06-07 00:00:00+00:00,359,518061
2019-06-08 00:00:00+00:00,138,335951
2019-06-09 00:00:00+00:00,90,305141
2019-06-10 00:00:00+00:00,267,506985
2019-06-11 00:00:00+00:00,231,566933
2019-06-12 00:00:00+00:00,251,570073
2019-06-13 00:00:00+00:00,418,565204
2019-06-14 00:00:00+00:00,261,531773
2019-06-15 00:00:00+00:00,107,330545
2019-06-16 00:00:00+00:00,68,300557
2019-06-17 00:00:00+00:00,221,469557
2019-06-18 00:00:00+00:00,351,548269
2019-06-19 00:00:00+00:00,852,546694
2019-06-20 00:00:00+00:00,488,532580
2019-06-21 00:00:00+00:00,235,514540
2019-06-22 00:00:00+00:00,74,317482
2019-06-23 00:00:00+00:00,107,278915
2019-06-24 00:00:00+00:00,249,501889
2019-06-25 00:00:00+00:00,391,533291
2019-06-26 00:00:00+00:00,320,559876
2019-06-27 00:00:00+00:00,284,559529
2019-06-28 00:00:00+00:00,249,523192
2019-06-29 00:00:00+00:00,141,332558
2019-06-30 00:00:00+00:00,85,306767
2019-04-01 00:00:00+00:00,369,547471
2019-04-02 00:00:00+00:00,336,590482
2019-04-03 00:00:00+00:00,326,584430
2019-04-04 00:00:00+00:00,255,596143
2019-04-05 00:00:00+00:00,245,541945
2019-04-06 00:00:00+00:00,152,350724
2019-04-07 00:00:00+00:00,147,321289
2019-04-08 00:00:00+00:00,198,543963
2019-04-09 00:00:00+00:00,291,591837
2019-04-10 00:00:00+00:00,268,606251
2019-04-11 00:00:00+00:00,236,597315
2019-04-12 00:00:00+00:00,236,565707
2019-04-13 00:00:00+00:00,87,356382
2019-04-14 00:00:00+00:00,192,323587
2019-04-15 00:00:00+00:00,385,539012
2019-04-16 00:00:00+00:00,249,581678
2019-04-17 00:00:00+00:00,298,596862
2019-04-18 00:00:00+00:00,341,573699
2019-04-19 00:00:00+00:00,421,484049
2019-04-20 00:00:00+00:00,145,336078
2019-04-21 00:00:00+00:00,315,313462
2019-04-22 00:00:00+00:00,850,479179
2019-04-23 00:00:00+00:00,279,563830
2019-04-24 00:00:00+00:00,407,591325
2019-04-25 00:00:00+00:00,482,584120
2019-04-26 00:00:00+00:00,399,562597
2019-04-27 00:00:00+00:00,212,352776
2019-04-28 00:00:00+00:00,704,332695
2019-04-29 00:00:00+00:00,841,522861
2019-04-30 00:00:00+00:00,340,570267
2019-09-01 00:00:00+00:00,132,302842
2019-09-02 00:00:00+00:00,206,439231
2019-09-03 00:00:00+00:00,317,510643
2019-09-04 00:00:00+00:00,294,543845
2019-09-05 00:00:00+00:00,607,532554
2019-09-06 00:00:00+00:00,416,507294
2019-09-07 00:00:00+00:00,2674,312530
2019-09-08 00:00:00+00:00,914,294714
2019-09-09 00:00:00+00:00,1044,489879
2019-09-10 00:00:00+00:00,606,534367
2019-09-11 00:00:00+00:00,616,532778
2019-09-12 00:00:00+00:00,497,537433
2019-09-13 00:00:00+00:00,543,494363
2019-09-14 00:00:00+00:00,278,313982
2019-09-15 00:00:00+00:00,144,295775
2019-09-16 00:00:00+00:00,271,497858
2019-09-17 00:00:00+00:00,284,529118
2019-09-18 00:00:00+00:00,319,542926
2019-09-19 00:00:00+00:00,519,542773
2019-09-20 00:00:00+00:00,400,515934
2019-09-21 00:00:00+00:00,302,310909
2019-09-22 00:00:00+00:00,169,294180
2019-09-23 00:00:00+00:00,363,486570
2019-09-24 00:00:00+00:00,400,528837
2019-09-25 00:00:00+00:00,861,539615
2019-09-26 00:00:00+00:00,458,533764
2019-09-27 00:00:00+00:00,294,509849
2019-09-28 00:00:00+00:00,245,308315
2019-09-29 00:00:00+00:00,171,287903
2019-09-30 00:00:00+00:00,180,437102
2019-02-01 00:00:00+00:00,378,560733
2019-02-02 00:00:00+00:00,235,358236
2019-02-03 00:00:00+00:00,130,322356
2019-02-04 00:00:00+00:00,231,510826
2019-02-05 00:00:00+00:00,295,560013
2019-02-06 00:00:00+00:00,334,578420
2019-02-07 00:00:00+00:00,348,571544
2019-02-08 00:00:00+00:00,347,543911
2019-02-09 00:00:00+00:00,132,348465
2019-02-10 00:00:00+00:00,112,314312
2019-02-11 00:00:00+00:00,265,533288
2019-02-12 00:00:00+00:00,327,575296
2019-02-13 00:00:00+00:00,441,588406
2019-02-14 00:00:00+00:00,711,594775
2019-02-15 00:00:00+00:00,257,556029
2019-02-16 00:00:00+00:00,353,357088
2019-02-17 00:00:00+00:00,118,311312
2019-02-18 00:00:00+00:00,288,496431
2019-02-19 00:00:00+00:00,406,567800
2019-02-20 00:00:00+00:00,329,590282
2019-02-21 00:00:00+00:00,373,591398
2019-02-22 00:00:00+00:00,378,559136
2019-02-23 00:00:00+00:00,217,357936
2019-02-24 00:00:00+00:00,169,327993
2019-02-25 00:00:00+00:00,272,553023
2019-02-26 00:00:00+00:00,412,577907
2019-02-27 00:00:00+00:00,429,594100
2019-02-28 00:00:00+00:00,472,595251
2019-10-01 00:00:00+00:00,351,514340
2019-10-02 00:00:00+00:00,605,505415
2019-10-03 00:00:00+00:00,631,503247
2019-10-04 00:00:00+00:00,466,487461
2019-10-05 00:00:00+00:00,156,302322
2019-10-06 00:00:00+00:00,261,272004
2019-10-07 00:00:00+00:00,288,462075
2019-10-08 00:00:00+00:00,496,503665
2019-10-09 00:00:00+00:00,391,512282
2019-10-10 00:00:00+00:00,357,522103
2019-10-11 00:00:00+00:00,374,496822
2019-10-12 00:00:00+00:00,161,308536
2019-10-13 00:00:00+00:00,212,276043
2019-10-14 00:00:00+00:00,360,457892
2019-10-15 00:00:00+00:00,956,512878
2019-10-16 00:00:00+00:00,421,534395
2019-10-17 00:00:00+00:00,344,523905
2019-10-18 00:00:00+00:00,350,500159
2019-10-19 00:00:00+00:00,169,299066
2019-10-20 00:00:00+00:00,157,268642
2019-10-21 00:00:00+00:00,323,477898
2019-10-22 00:00:00+00:00,451,513629
2019-10-23 00:00:00+00:00,900,512089
2019-10-24 00:00:00+00:00,596,517482
2019-10-25 00:00:00+00:00,247,492241
2019-10-26 00:00:00+00:00,125,298603
2019-10-27 00:00:00+00:00,120,274414
2019-10-28 00:00:00+00:00,448,457281
2019-10-29 00:00:00+00:00,468,505654
2019-10-30 00:00:00+00:00,505,524098
2019-10-31 00:00:00+00:00,410,512560
2019-08-01 00:00:00+00:00,385,544051
2019-08-02 00:00:00+00:00,192,499653
2019-08-03 00:00:00+00:00,117,312326
2019-08-04 00:00:00+00:00,85,299125
2019-08-05 00:00:00+00:00,315,483118
2019-08-06 00:00:00+00:00,259,526808
2019-08-07 00:00:00+00:00,403,540520
2019-08-08 00:00:00+00:00,250,534809
2019-08-09 00:00:00+00:00,279,510275
2019-08-10 00:00:00+00:00,156,319632
2019-08-11 00:00:00+00:00,108,286034
2019-08-12 00:00:00+00:00,203,460999
2019-08-13 00:00:00+00:00,265,494778
2019-08-14 00:00:00+00:00,238,511339
2019-08-15 00:00:00+00:00,231,483144
2019-08-16 00:00:00+00:00,184,488425
2019-08-17 00:00:00+00:00,60,312833
2019-08-18 00:00:00+00:00,72,293299
2019-08-19 00:00:00+00:00,492,482115
2019-08-20 00:00:00+00:00,332,512041
2019-08-21 00:00:00+00:00,515,533452
2019-08-22 00:00:00+00:00,563,529087
2019-08-23 00:00:00+00:00,465,499521
2019-08-24 00:00:00+00:00,156,329635
2019-08-25 00:00:00+00:00,180,298799
2019-08-26 00:00:00+00:00,453,474152
2019-08-27 00:00:00+00:00,382,523306
2019-08-28 00:00:00+00:00,408,538641
2019-08-29 00:00:00+00:00,619,534574
2019-08-30 00:00:00+00:00,700,501716
2019-08-31 00:00:00+00:00,185,321579
2019-07-01 00:00:00+00:00,195,501715
2019-07-02 00:00:00+00:00,364,533759
2019-07-03 00:00:00+00:00,205,545890
2019-07-04 00:00:00+00:00,358,490272
2019-07-05 00:00:00+00:00,213,477685
2019-07-06 00:00:00+00:00,141,312638
2019-07-07 00:00:00+00:00,105,299153
2019-07-08 00:00:00+00:00,561,494895
2019-07-09 00:00:00+00:00,342,532760
2019-07-10 00:00:00+00:00,303,545918
2019-07-11 00:00:00+00:00,433,543604
2019-07-12 00:00:00+00:00,559,516277
2019-07-13 00:00:00+00:00,224,324067
2019-07-14 00:00:00+00:00,115,300689
2019-07-15 00:00:00+00:00,521,496030
2019-07-16 00:00:00+00:00,517,541094
2019-07-17 00:00:00+00:00,521,550809
2019-07-18 00:00:00+00:00,441,551040
2019-07-19 00:00:00+00:00,397,511797
2019-07-20 00:00:00+00:00,131,320084
2019-07-21 00:00:00+00:00,105,298078
2019-07-22 00:00:00+00:00,241,496101
2019-07-23 00:00:00+00:00,187,542655
2019-07-24 00:00:00+00:00,268,550539
2019-07-25 00:00:00+00:00,679,542767
2019-07-26 00:00:00+00:00,457,510044
2019-07-27 00:00:00+00:00,161,320494
2019-07-28 00:00:00+00:00,185,293745
2019-07-29 00:00:00+00:00,259,488126
2019-07-30 00:00:00+00:00,237,536137
2019-07-31 00:00:00+00:00,185,551657
2019-03-01 00:00:00+00:00,346,559164
2019-03-02 00:00:00+00:00,128,345335
2019-03-03 00:00:00+00:00,138,322812
2019-03-04 00:00:00+00:00,279,529873
2019-03-05 00:00:00+00:00,248,567060
2019-03-06 00:00:00+00:00,215,562602
2019-03-07 00:00:00+00:00,211,582300
2019-03-08 00:00:00+00:00,160,540030
2019-03-09 00:00:00+00:00,134,345346
2019-03-10 00:00:00+00:00,78,324986
2019-03-11 00:00:00+00:00,219,534250
2019-03-12 00:00:00+00:00,442,589422
2019-03-13 00:00:00+00:00,274,580276
2019-03-14 00:00:00+00:00,210,588363
2019-03-15 00:00:00+00:00,499,571667
2019-03-16 00:00:00+00:00,248,349991
2019-03-17 00:00:00+00:00,183,317112
2019-03-18 00:00:00+00:00,413,533461
2019-03-19 00:00:00+00:00,342,590222
2019-03-20 00:00:00+00:00,258,597835
2019-03-21 00:00:00+00:00,306,583386
2019-03-22 00:00:00+00:00,474,559782
2019-03-23 00:00:00+00:00,261,361090
2019-03-24 00:00:00+00:00,124,324381
2019-03-25 00:00:00+00:00,300,540917
2019-03-26 00:00:00+00:00,264,583705
2019-03-27 00:00:00+00:00,246,597502
2019-03-28 00:00:00+00:00,450,596163
2019-03-29 00:00:00+00:00,367,571705
2019-03-30 00:00:00+00:00,175,359128
2019-03-31 00:00:00+00:00,262,336067
2019-11-01 00:00:00+00:00,322,459961
2019-11-02 00:00:00+00:00,252,295527
2019-11-03 00:00:00+00:00,181,273380
2019-11-04 00:00:00+00:00,319,463253
2019-11-05 00:00:00+00:00,425,522583
2019-11-06 00:00:00+00:00,217,549860
2019-11-07 00:00:00+00:00,226,545791
2019-11-08 00:00:00+00:00,418,528410
2019-11-09 00:00:00+00:00,281,316275
2019-11-10 00:00:00+00:00,135,295334
2019-11-11 00:00:00+00:00,567,465415
2019-11-12 00:00:00+00:00,780,517367
2019-11-13 00:00:00+00:00,522,511360
2019-11-14 00:00:00+00:00,563,528162
2019-11-15 00:00:00+00:00,659,480174
2019-11-16 00:00:00+00:00,413,311125
2019-11-17 00:00:00+00:00,410,289902
2019-11-18 00:00:00+00:00,1130,482701
2019-11-19 00:00:00+00:00,893,520439
2019-11-20 00:00:00+00:00,775,528295
2019-11-21 00:00:00+00:00,842,523073
2019-11-22 00:00:00+00:00,503,497118
2019-11-23 00:00:00+00:00,380,322908
2019-11-24 00:00:00+00:00,262,297182
2019-11-25 00:00:00+00:00,704,494370
2019-11-26 00:00:00+00:00,725,524684
2019-11-27 00:00:00+00:00,707,511361
2019-11-28 00:00:00+00:00,530,478081
2019-11-29 00:00:00+00:00,489,451226
2019-11-30 00:00:00+00:00,283,304600
2019-01-01 00:00:00+00:00,131,297788
2019-01-02 00:00:00+00:00,180,446886
2019-01-03 00:00:00+00:00,216,500956
2019-01-04 00:00:00+00:00,232,488089
2019-01-05 00:00:00+00:00,256,323797
2019-01-06 00:00:00+00:00,160,302169
2019-01-07 00:00:00+00:00,306,492100
2019-01-08 00:00:00+00:00,297,535742
2019-01-09 00:00:00+00:00,561,565657
2019-01-10 00:00:00+00:00,337,567058
2019-01-11 00:00:00+00:00,317,544305
2019-01-12 00:00:00+00:00,120,346849
2019-01-13 00:00:00+00:00,114,314670
2019-01-14 00:00:00+00:00,358,524137
2019-01-15 00:00:00+00:00,470,564620
2019-01-16 00:00:00+00:00,466,580093
2019-01-17 00:00:00+00:00,402,574929
2019-01-18 00:00:00+00:00,455,538498
2019-01-19 00:00:00+00:00,280,356035
2019-01-20 00:00:00+00:00,141,313260
2019-01-21 00:00:00+00:00,727,495595
2019-01-22 00:00:00+00:00,617,557644
2019-01-23 00:00:00+00:00,327,578855
2019-01-24 00:00:00+00:00,345,576494
2019-01-25 00:00:00+00:00,254,544704
2019-01-26 00:00:00+00:00,132,342267
2019-01-27 00:00:00+00:00,110,316053
2019-01-28 00:00:00+00:00,217,532393
2019-01-29 00:00:00+00:00,337,586242
2019-01-30 00:00:00+00:00,348,593067
2019-01-31 00:00:00+00:00,312,591396
2019-05-01 00:00:00+00:00,137,485506
2019-05-02 00:00:00+00:00,420,549026
2019-05-03 00:00:00+00:00,405,530092
2019-05-04 00:00:00+00:00,140,355768
2019-05-05 00:00:00+00:00,170,341957
2019-05-06 00:00:00+00:00,211,515301
2019-05-07 00:00:00+00:00,216,574256
2019-05-08 00:00:00+00:00,261,582183
2019-05-09 00:00:00+00:00,162,577844
2019-05-10 00:00:00+00:00,180,554114
2019-05-11 00:00:00+00:00,198,350696
2019-05-12 00:00:00+00:00,113,317985
2019-05-13 00:00:00+00:00,268,536102
2019-05-14 00:00:00+00:00,275,585896
2019-05-15 00:00:00+00:00,382,591221
2019-05-16 00:00:00+00:00,235,591207
2019-05-17 00:00:00+00:00,280,556159
2019-05-18 00:00:00+00:00,104,353256
2019-05-19 00:00:00+00:00,81,325667
2019-05-20 00:00:00+00:00,389,527535
2019-05-21 00:00:00+00:00,337,572682
2019-05-22 00:00:00+00:00,283,586055
2019-05-23 00:00:00+00:00,239,586614
2019-05-24 00:00:00+00:00,199,554998
2019-05-25 00:00:00+00:00,332,345474
2019-05-26 00:00:00+00:00,206,339260
2019-05-27 00:00:00+00:00,343,485161
2019-05-28 00:00:00+00:00,277,552153
2019-05-29 00:00:00+00:00,225,571014
2019-05-30 00:00:00+00:00,315,554953
2019-05-31 00:00:00+00:00,201,538059
2019-12-01 00:00:00+00:00,352,294518
2019-12-02 00:00:00+00:00,597,449521
2019-12-03 00:00:00+00:00,731,525184
2019-12-04 00:00:00+00:00,615,533394
2019-12-05 00:00:00+00:00,551,530550
2019-12-06 00:00:00+00:00,656,500038
2019-12-07 00:00:00+00:00,314,311145
2019-12-08 00:00:00+00:00,502,284834
2019-12-09 00:00:00+00:00,1569,478623
2019-12-10 00:00:00+00:00,1870,522225
2019-12-11 00:00:00+00:00,684,519311
2019-12-12 00:00:00+00:00,426,508673
2019-12-13 00:00:00+00:00,626,497908
2019-12-14 00:00:00+00:00,181,303003
2019-12-15 00:00:00+00:00,242,268674
2019-12-16 00:00:00+00:00,388,469904
2019-12-17 00:00:00+00:00,468,511633
2019-12-18 00:00:00+00:00,501,517254
2019-12-19 00:00:00+00:00,612,502820
2019-12-20 00:00:00+00:00,1066,486812
2019-12-21 00:00:00+00:00,810,304824
2019-12-22 00:00:00+00:00,369,277064
2019-12-23 00:00:00+00:00,619,426760
2019-12-24 00:00:00+00:00,349,389189
2019-12-25 00:00:00+00:00,262,275251
2019-12-26 00:00:00+00:00,290,348402
2019-12-27 00:00:00+00:00,495,395063
2019-12-28 00:00:00+00:00,264,273389
2019-12-29 00:00:00+00:00,533,249511
2019-12-30 00:00:00+00:00,551,383261
2019-12-31 00:00:00+00:00,822,361032
